respondent_id,foodLocal,foodLunchNoMeat,foodMeat,foodOatMilk,foodTofu,foodVegan,homeClothesCold,homeClothesHang,homeLightsOff,packCarriedUtensils,packCompost,packContainerToRestaurant,packPickedUpLitter,packPullRecycleFromTrash,packRags,packReusableMug,packReusedPaperPlasticBags,purchBuyNothing,socialDocumentary,socialGroup,socialRead,socialSupportive,waterShowerStop,waterTeethStop
1,0,0,0,0,0,0,0,0,1,0,0,0,0,0,0,0,1,0,0,0,0,0,0,0
2,0,1,0,0,0,0,1,0,1,0,1,0,1,0,1,1,1,0,0,0,1,0,1,1
3,0,0,0,0,0,0,1,0,1,0,0,0,0,0,1,0,0,0,1,0,0,0,0,1
4,0,1,0,0,0,0,1,1,1,0,1,0,1,0,1,1,1,0,0,0,0,1,0,1
5,0,1,0,0,0,0,0,0,1,0,0,0,0,0,1,0,1,0,0,0,0,0,0,1
6,1,1,0,1,1,0,0,0,0,0,0,0,1,0,1,0,1,0,0,0,1,0,0,1
7,0,0,0,0,1,0,1,0,1,1,1,0,1,0,1,1,1,0,0,0,1,0,0,1
8,0,1,0,0,0,0,1,1,1,0,0,0,0,0,1,1,0,0,0,0,1,0,0,1
9,0,1,0,1,0,0,1,1,1,0,1,0,1,0,1,1,1,0,1,0,1,0,0,1
10,0,1,1,1,0,0,1,1,1,0,0,0,0,0,1,0,1,0,0,0,1,0,0,1
11,1,1,0,0,0,0,1,0,1,0,0,0,1,0,1,0,1,0,0,0,0,0,0,1
12,0,1,0,0,0,0,1,0,1,0,0,0,0,0,0,0,1,0,0,0,0,0,0,1
13,1,1,0,0,0,0,1,0,1,0,1,0,1,0,1,0,1,0,0,0,1,0,1,1
14,1,1,0,1,1,0,1,1,1,1,1,0,1,1,1,1,1,1,1,0,1,1,1,1
15,0,1,0,0,1,0,0,1,1,0,0,0,1,1,1,0,1,0,0,0,0,0,0,1
16,0,1,0,0,0,0,0,0,1,0,0,0,0,0,1,1,1,0,0,0,0,0,0,1
17,1,1,0,0,0,0,1,0,1,0,1,0,1,0,1,0,1,1,0,0,1,0,0,1
18,1,0,0,0,0,0,0,0,1,0,0,1,0,0,0,0,1,0,0,0,0,0,0,0
19,1,1,0,0,0,0,1,1,1,0,1,0,0,0,1,0,1,1,0,0,0,0,0,1
20,0,0,0,0,0,0,0,0,0,0,0,0,0,0,1,0,1,0,0,0,0,0,0,0
21,1,1,0,0,0,0,1,0,1,0,0,0,0,0,1,0,1,0,0,0,1,0,0,1
22,0,1,0,1,0,0,1,0,1,0,0,0,1,0,1,0,1,0,0,0,1,0,0,0
23,0,1,0,0,0,0,0,0,0,1,1,0,1,1,1,0,1,0,0,0,1,0,1,0
24,1,0,0,0,0,0,0,0,1,0,0,0,0,0,1,1,1,0,0,0,0,0,0,1
25,1,1,0,1,1,0,1,1,0,0,1,0,1,1,1,1,1,0,0,0,1,0,0,1
26,1,1,0,0,0,0,1,1,1,0,0,0,0,0,0,0,0,0,0,0,0,0,1,1
27,1,1,0,0,0,0,1,1,1,0,0,0,0,0,1,0,1,0,0,0,0,0,0,1
28,0,1,0,0,1,0,0,0,1,0,0,0,1,0,1,1,1,0,0,0,0,0,0,1
29,1,1,1,0,1,1,0,1,1,0,0,0,0,0,1,0,1,0,0,0,1,0,0,0
30,0,1,0,0,1,0,0,1,1,0,1,0,0,0,1,0,0,0,0,0,1,0,0,1
31,1,1,0,0,1,0,1,1,1,0,0,0,0,0,1,1,1,1,0,0,0,0,0,1
32,1,1,0,0,1,0,1,1,1,0,0,0,0,0,0,0,1,0,0,0,0,0,0,0
33,1,1,0,0,0,0,1,0,1,0,0,0,0,0,1,0,0,1,0,0,0,0,1,1
34,1,1,0,0,0,0,1,1,1,1,0,0,0,1,1,1,1,1,1,0,1,1,0,1
35,0,0,0,0,0,0,1,0,1,0,0,0,0,0,1,1,0,0,0,0,0,0,0,1
36,0,0,0,0,0,0,1,0,1,0,0,0,0,0,1,0,1,0,0,0,0,0,0,0
37,0,1,0,0,1,0,1,1,1,0,0,0,1,0,0,0,1,0,0,0,1,0,0,1
38,0,0,0,0,0,0,1,1,1,0,0,0,1,0,0,1,1,0,1,0,1,0,0,0
39,0,1,0,0,0,0,0,1,1,0,0,0,1,0,1,0,1,0,0,0,0,0,0,1
40,0,1,0,0,0,0,0,0,1,0,0,0,1,0,0,1,0,0,0,0,1,0,0,1
41,1,1,0,0,0,0,0,0,1,0,1,0,1,1,1,1,1,1,0,0,0,0,0,0
42,1,1,0,0,0,0,0,0,1,0,0,0,0,0,1,1,1,0,0,0,0,0,0,1
43,0,1,0,0,0,0,0,0,0,0,1,0,0,0,1,0,0,0,0,0,0,0,0,1
44,0,1,0,0,0,0,1,0,1,0,0,0,0,0,1,0,0,0,0,0,1,0,0,1
45,1,0,0,0,0,0,0,0,1,0,0,0,0,0,1,1,0,0,0,0,0,0,0,1
46,0,0,0,0,0,0,1,0,1,0,1,0,1,0,0,0,1,0,0,0,0,0,0,1
47,1,1,0,0,0,0,0,0,1,0,0,0,0,0,0,0,1,0,0,0,0,0,0,0
48,0,1,0,0,0,0,1,0,1,1,0,0,0,0,1,0,1,0,0,0,1,0,1,1
49,0,1,0,0,1,0,0,0,1,0,0,0,0,0,0,0,1,0,0,0,0,0,0,0
50,1,1,0,0,0,0,1,1,1,0,1,0,1,0,1,1,1,0,0,0,1,1,0,1
51,1,1,0,0,1,0,1,1,1,0,1,0,1,0,1,0,1,0,1,0,0,0,0,1
52,0,1,1,0,1,0,1,0,1,0,0,0,0,0,1,0,1,0,0,0,1,0,0,1
53,1,0,0,0,0,0,1,0,1,0,0,0,0,0,1,0,1,0,1,0,1,0,1,1
54,0,1,0,0,0,0,0,0,1,0,0,0,0,0,0,0,0,0,0,0,0,0,0,1
55,1,1,0,0,0,0,1,0,1,0,0,0,0,0,1,0,1,0,0,0,1,0,0,0
56,0,1,0,0,0,0,1,0,1,1,1,0,1,0,1,1,1,0,0,0,0,0,0,1
57,0,1,0,0,0,0,1,0,1,0,0,0,0,0,0,0,0,0,0,0,0,0,0,1
58,1,0,0,0,0,0,0,0,1,0,0,0,0,0,1,0,0,0,0,0,0,0,0,0
59,0,0,0,0,0,0,1,0,1,1,0,0,0,0,1,0,1,0,1,0,1,0,0,1
60,0,1,0,0,0,0,1,0,1,0,0,0,1,0,1,1,1,1,0,0,1,0,0,1
61,1,1,1,0,0,0,1,1,1,0,0,0,1,0,1,1,1,0,0,0,1,1,0,1
62,0,1,0,0,0,0,1,1,1,0,1,0,1,0,1,0,1,0,1,0,0,0,0,1
63,1,1,0,1,1,0,1,1,1,0,0,0,1,0,1,1,0,0,0,0,1,0,0,1
64,1,0,0,0,1,0,1,1,1,0,1,0,1,1,1,1,1,0,1,0,1,0,0,1
65,0,1,0,0,0,0,1,0,1,0,0,0,1,0,1,0,1,0,1,0,1,0,0,1
66,0,1,0,0,0,0,1,0,1,0,1,0,1,0,0,1,1,0,0,0,0,0,0,1
67,0,1,0,0,0,0,0,0,1,0,0,0,0,0,0,1,1,0,0,0,0,0,0,0
68,0,0,0,0,0,0,1,0,0,0,0,0,0,0,1,0,1,0,0,0,0,0,1,1
69,0,0,0,0,0,0,1,0,1,0,0,0,0,0,1,1,0,0,0,0,0,0,0,0
70,0,1,0,0,0,0,1,1,1,0,0,0,0,0,1,0,1,0,0,0,1,0,0,1
71,1,1,0,0,1,0,1,1,1,0,0,0,0,0,1,0,1,0,0,0,1,0,0,1
72,0,1,0,0,1,0,1,0,1,0,0,0,0,0,0,1,1,0,0,0,1,0,0,1
73,1,1,1,1,1,1,0,1,1,0,0,0,0,0,1,0,1,0,0,0,0,0,0,1
74,0,1,0,1,1,0,1,1,1,1,0,0,1,0,1,1,1,0,1,0,1,0,0,1
75,1,1,0,0,0,0,1,1,1,0,1,0,1,0,1,0,1,0,0,0,0,0,1,1
76,1,1,0,0,1,0,1,1,1,0,0,1,0,0,0,1,1,1,0,0,1,0,0,1
77,0,1,0,0,0,0,1,0,1,0,0,0,1,0,1,0,1,0,0,0,0,0,0,0
78,0,1,0,0,0,0,1,1,1,1,0,0,1,0,1,1,1,0,1,0,1,0,0,1
79,1,1,0,1,0,0,1,1,1,0,1,0,0,0,1,1,1,0,0,0,1,0,1,1
80,0,0,0,0,0,0,1,1,1,0,0,0,0,0,0,1,0,0,0,0,0,0,0,0
81,1,0,0,0,0,0,1,0,1,0,0,0,1,0,1,1,1,0,0,0,1,0,0,1
82,1,1,0,0,1,0,1,0,1,0,0,0,1,0,1,1,1,0,1,0,1,0,1,1
83,0,1,0,1,1,0,1,0,0,0,0,0,0,0,1,0,1,0,0,0,0,0,0,1
84,0,0,0,0,0,0,0,0,1,0,0,0,1,0,1,0,1,0,0,0,0,0,0,0
85,0,1,0,0,0,0,0,1,1,1,0,0,1,0,1,1,1,1,0,0,1,0,0,1
86,1,1,0,0,1,0,1,1,1,0,1,0,1,0,1,1,1,0,1,0,1,0,0,1
87,1,1,0,1,1,0,0,0,0,0,0,0,0,1,1,0,1,0,0,0,0,0,0,0
88,0,1,1,0,1,0,0,0,0,0,0,1,1,0,0,0,1,0,1,0,0,0,0,1
89,0,0,0,0,0,0,0,1,1,0,0,0,0,1,1,0,1,0,0,0,0,0,0,1
90,0,0,0,0,0,0,1,0,1,0,1,0,1,0,1,0,1,0,0,0,1,0,0,1
91,1,1,0,0,0,0,1,0,1,0,0,0,1,0,1,1,1,0,0,0,0,0,1,1
92,1,1,0,0,0,0,1,0,1,1,1,0,0,0,0,0,1,0,0,0,0,0,0,1
93,0,0,0,0,0,0,1,0,0,0,0,0,0,0,0,0,0,0,0,0,0,0,0,0
94,0,1,0,1,0,0,1,0,1,0,0,0,0,0,1,0,1,0,0,0,1,0,0,1
95,0,1,0,0,0,0,0,0,1,0,0,0,1,0,1,1,1,0,0,0,0,0,0,1
96,0,1,0,0,0,0,0,0,0,0,0,0,0,0,0,0,1,0,0,0,0,0,0,1
97,0,1,0,1,1,0,1,0,1,0,0,0,0,0,1,0,1,0,1,0,1,0,0,0
98,0,1,0,0,0,0,0,0,1,0,0,0,0,0,1,1,1,0,0,0,1,1,0,1
99,1,1,0,0,1,0,0,0,1,0,1,0,1,0,1,1,1,0,0,0,0,0,0,1
100,0,0,0,0,0,0,0,0,0,0,0,0,0,0,1,0,1,1,0,0,0,0,0,0
101,0,1,0,0,0,0,0,0,0,0,0,0,0,0,1,0,1,0,0,0,0,0,0,1
102,1,1,0,0,1,0,1,0,1,0,0,0,0,0,1,0,1,0,0,0,0,0,0,1
103,0,1,0,0,0,0,0,0,1,0,0,0,0,0,1,1,1,0,0,0,0,0,0,0
104,1,1,0,0,0,0,1,1,1,0,0,0,1,0,1,1,1,1,1,0,0,0,0,1
105,1,1,1,0,0,0,1,1,1,0,0,0,1,0,1,0,0,0,0,0,0,0,0,1
106,0,1,1,0,0,1,1,0,1,0,0,0,1,0,1,1,1,0,0,0,0,0,0,1
107,0,1,0,0,0,0,0,0,1,1,0,0,0,0,1,1,1,0,0,0,0,0,0,0
108,1,1,0,0,1,0,0,1,1,0,1,0,1,0,1,1,1,0,1,0,1,1,0,1
109,0,1,0,0,0,0,0,0,1,1,0,0,1,0,1,1,1,0,0,0,0,0,0,0
110,0,1,1,1,1,1,0,0,1,0,0,0,0,1,1,1,1,0,0,0,0,0,0,0
111,0,1,0,0,0,0,1,1,1,0,0,0,0,0,1,1,1,0,1,0,0,0,0,0
112,0,0,0,0,0,0,1,1,1,0,0,0,1,0,0,1,1,0,0,0,0,0,1,1
113,1,1,0,0,0,0,1,1,0,0,0,0,0,0,1,0,1,1,0,0,1,0,0,1
114,0,1,0,0,0,0,0,1,1,0,0,0,0,0,1,0,1,0,1,0,1,0,1,1
115,0,1,0,0,0,0,1,1,1,0,0,0,0,0,0,1,0,0,0,0,0,0,0,0
116,0,1,1,1,0,1,1,1,1,0,0,0,0,0,1,0,1,1,0,0,1,0,0,1
117,1,1,0,0,0,0,0,0,1,0,0,0,0,0,1,0,1,0,0,0,0,0,0,1
118,0,0,0,0,0,0,1,1,1,0,0,0,0,0,1,0,1,0,0,0,0,0,0,0
119,1,1,0,0,0,0,1,1,1,0,0,0,1,0,1,1,1,0,0,0,1,1,0,1
120,1,1,0,0,0,0,1,0,1,1,0,1,1,0,1,1,1,0,1,0,0,1,0,1
121,0,0,0,0,0,0,0,0,1,0,0,0,1,0,1,0,1,1,0,0,0,0,0,0
122,1,1,1,1,1,1,1,1,1,0,1,0,0,0,1,1,1,1,0,0,0,0,0,1
123,0,1,0,0,0,0,1,0,1,0,0,0,0,0,1,0,1,0,0,0,0,0,0,1
124,1,1,1,0,1,0,1,0,1,0,0,0,0,0,0,1,1,1,0,0,0,0,0,1
125,0,0,0,0,0,0,1,0,1,0,0,0,0,0,1,1,1,0,0,0,0,0,0,1
126,0,0,0,0,0,0,1,1,1,0,0,0,0,0,0,0,1,0,0,0,1,1,0,1
127,0,1,0,0,0,0,0,1,1,0,0,0,1,0,1,0,0,0,0,0,0,0,0,0
128,1,1,0,0,0,0,1,0,1,0,0,0,0,0,1,0,1,0,0,0,1,0,0,1
129,0,1,0,0,0,0,1,0,1,0,0,0,1,0,1,1,1,0,0,0,1,0,0,1
130,0,0,0,0,0,0,1,1,1,0,0,0,1,0,1,1,1,0,1,0,1,0,0,1
131,1,1,0,0,0,0,1,1,1,0,0,0,0,0,1,1,1,0,0,0,1,1,0,0
132,1,1,0,1,1,0,1,1,1,0,0,0,0,0,1,1,1,1,0,0,0,0,0,1
133,1,1,0,0,0,0,1,0,1,0,1,0,1,0,1,1,1,0,0,0,0,0,1,1
134,0,1,0,0,0,0,1,1,1,0,0,0,1,0,1,0,0,0,0,0,0,0,0,1
135,0,0,0,0,0,0,0,0,0,0,0,0,1,0,0,0,1,0,0,0,1,0,0,1
136,0,1,1,0,0,0,1,1,1,0,0,0,0,0,0,0,1,0,0,0,1,0,0,1
137,0,1,0,0,0,0,0,0,1,0,0,0,0,0,1,0,1,0,0,0,0,0,0,1
138,0,1,0,0,0,0,0,0,1,0,0,0,1,0,1,0,1,0,0,0,0,0,0,1
139,1,1,0,0,0,0,1,0,1,0,0,0,0,0,0,0,1,0,0,0,0,0,0,0
140,1,0,0,0,0,0,1,1,1,0,1,0,1,0,1,0,1,0,0,0,0,0,1,1
141,1,1,1,1,1,1,1,1,1,0,0,0,1,1,1,1,1,1,0,0,0,0,0,1
142,1,1,1,1,1,1,1,0,0,1,1,0,1,0,1,0,0,0,0,0,1,0,0,1
143,1,1,0,0,0,0,1,1,1,0,0,0,1,0,1,1,1,0,0,0,1,0,0,1
144,0,1,0,0,0,0,1,0,0,0,1,0,0,0,1,0,1,0,0,0,0,0,0,1
145,0,0,0,0,0,0,1,0,1,1,0,0,0,0,1,0,1,0,1,0,1,1,0,0
146,0,1,1,0,1,0,1,0,1,0,0,0,1,0,1,1,1,0,0,0,0,0,0,1
147,0,1,0,0,0,0,1,0,1,0,0,0,0,0,1,0,1,0,0,0,1,0,1,1
148,0,0,0,0,0,0,0,0,1,0,0,0,0,0,1,1,1,0,0,0,1,0,0,1
149,0,0,0,1,0,0,0,1,1,1,0,0,0,0,1,0,1,0,0,0,1,0,0,1
150,0,1,0,0,0,0,1,0,1,0,0,0,0,0,1,1,1,0,0,0,1,0,0,0
151,1,1,0,0,0,0,1,1,1,0,0,0,1,0,1,0,1,0,0,0,0,0,0,1
152,0,1,0,0,0,0,0,0,1,0,0,0,1,0,1,0,1,0,0,0,0,0,0,0
153,0,1,0,0,0,0,0,0,1,0,0,0,0,0,0,0,1,0,0,0,1,0,0,1
154,0,1,0,0,1,0,1,0,1,0,1,0,1,1,1,1,1,0,1,0,0,0,0,1
155,1,1,0,0,0,0,1,1,1,0,0,0,0,0,1,0,0,0,0,0,1,0,0,0
156,1,1,0,0,0,0,0,1,1,0,0,0,0,0,1,0,1,0,0,0,1,0,0,1
157,0,0,0,0,0,0,0,0,0,0,0,0,0,0,1,0,0,0,0,0,0,0,0,1
158,0,0,0,0,0,0,1,0,1,0,0,0,1,0,1,1,1,0,0,0,1,1,0,1
159,0,1,0,0,0,0,0,0,1,0,1,0,1,0,1,1,1,0,0,0,1,0,0,1
160,0,0,0,0,0,0,1,0,1,0,1,0,0,0,0,0,1,1,0,0,0,0,0,1
161,1,1,1,0,0,0,0,0,1,0,0,0,1,0,1,0,1,0,1,0,1,0,0,0
162,1,1,0,0,0,0,0,1,1,0,1,0,1,0,1,0,1,0,1,0,1,0,1,1
163,0,0,0,0,0,0,1,0,0,0,0,0,0,0,1,0,1,0,0,0,1,0,0,1
164,1,1,0,0,0,0,1,0,1,0,0,0,1,0,1,1,1,0,0,0,1,0,1,1
165,0,1,0,1,0,0,1,0,1,0,0,0,1,0,0,0,1,0,0,0,0,0,0,1
166,1,0,0,0,0,0,0,1,1,0,0,0,0,0,1,0,1,0,0,0,1,0,0,0
167,0,1,0,0,0,0,1,0,1,0,0,0,1,0,1,1,1,0,1,0,0,0,0,0
168,1,1,0,1,1,0,1,0,1,0,1,0,0,0,1,0,1,0,0,0,1,0,0,1
169,1,1,1,0,0,0,1,1,1,0,0,0,0,1,1,1,1,0,0,1,1,0,0,1
170,0,1,0,1,1,0,1,0,1,0,0,0,1,0,1,1,0,0,0,0,0,0,0,1
171,0,1,0,0,0,0,1,0,1,0,0,0,1,0,1,0,1,0,0,0,0,0,0,1
172,0,1,0,0,0,0,1,0,1,0,0,0,0,0,1,1,1,0,0,0,1,0,0,1
173,0,1,0,0,0,0,0,0,1,0,0,0,1,0,1,0,1,0,1,0,1,0,0,1
174,0,1,0,0,0,0,1,0,1,1,0,1,1,0,1,0,1,0,0,0,1,0,0,0
175,0,1,0,0,0,0,1,1,1,0,1,0,1,0,1,0,1,0,0,0,1,0,0,1
176,0,1,0,0,0,0,1,1,1,0,0,0,0,0,0,1,1,0,0,0,1,0,0,1
177,0,1,0,0,0,0,1,0,1,0,1,0,1,0,1,0,1,0,0,0,1,0,0,1
178,0,1,0,1,1,0,0,0,1,0,0,0,0,0,1,0,1,0,0,0,1,0,0,1
179,1,1,1,0,0,0,0,0,1,0,0,0,1,0,1,0,1,1,1,0,1,1,0,1
180,1,1,0,0,1,0,0,0,1,0,0,0,0,0,0,0,1,0,0,0,1,0,0,1
181,1,1,0,0,0,0,0,0,1,0,0,1,0,0,0,1,1,0,0,0,0,0,1,1
182,0,1,0,0,0,0,0,0,1,0,0,0,0,0,1,0,1,0,0,0,0,0,0,0
183,0,1,0,0,0,0,0,0,1,0,0,0,1,0,1,1,1,0,1,0,1,0,0,1
184,0,1,1,0,0,0,0,1,1,0,0,0,0,0,0,1,0,0,0,0,1,0,0,1
185,0,1,0,0,0,0,0,0,1,0,0,0,1,0,0,0,1,0,0,0,1,0,0,1
186,0,1,0,0,0,0,1,0,1,0,0,0,1,0,1,1,1,0,0,0,1,0,0,1
187,0,0,0,1,0,0,1,0,1,0,0,0,1,0,1,1,1,0,0,0,1,0,0,1
188,1,1,0,1,0,0,0,0,1,0,0,0,0,0,0,0,0,0,1,0,0,0,0,0
189,0,0,0,0,0,0,0,0,1,0,0,0,0,0,1,1,1,0,1,0,1,0,0,1
190,0,1,0,0,0,0,1,0,1,0,1,0,1,0,1,1,1,0,1,0,1,0,0,1
191,1,0,0,0,1,0,0,0,1,1,1,0,1,0,1,1,1,0,0,0,1,0,0,1
192,0,1,0,0,0,0,0,0,1,0,0,0,0,0,0,0,0,0,0,0,1,1,0,1
193,0,0,0,0,0,0,0,0,1,0,0,0,0,0,1,0,1,0,0,0,1,1,0,0
194,0,1,0,0,0,0,1,1,1,0,0,0,1,0,1,0,1,0,0,0,1,0,0,0
195,1,1,0,0,0,0,1,0,1,1,0,1,1,0,0,0,1,0,1,0,0,0,0,0
196,1,1,0,0,0,0,1,0,1,0,0,0,0,1,0,1,1,0,0,0,1,0,0,1
197,0,1,0,0,0,0,1,1,1,0,0,0,1,0,1,0,1,0,0,0,1,0,0,1
198,0,1,0,0,0,0,1,0,1,0,0,0,0,0,0,1,1,0,0,0,0,0,1,1
199,0,0,0,0,0,0,1,1,1,0,0,0,1,1,1,1,1,0,0,0,0,0,0,1
200,0,1,0,0,0,0,1,0,1,0,0,0,1,0,0,1,1,0,1,0,0,0,0,0
201,0,1,1,1,0,0,0,0,1,0,0,0,1,0,1,1,1,0,0,0,1,0,0,1
202,0,1,0,0,0,0,1,0,1,0,1,0,1,0,1,0,1,1,0,0,1,0,0,1
203,1,1,0,0,0,0,0,1,1,0,0,0,1,0,1,0,1,0,1,0,1,0,0,1
204,1,1,0,1,1,0,1,1,1,0,0,0,1,0,1,1,1,0,1,1,1,0,1,1
205,0,1,0,0,0,0,1,1,1,0,0,0,1,0,1,0,1,0,0,0,1,0,0,1
206,0,1,0,0,0,0,1,1,0,0,0,0,0,0,0,0,1,0,0,0,0,0,0,1
207,0,1,1,1,1,1,1,0,1,0,0,0,0,0,1,0,1,1,0,0,0,0,0,1
208,1,1,0,0,0,0,1,0,1,0,0,0,1,0,1,1,1,0,0,0,1,0,0,1
209,0,0,0,0,0,0,1,1,1,0,1,0,0,0,1,1,1,0,0,0,1,0,0,1
210,1,1,0,0,1,0,1,1,1,0,0,0,1,1,1,1,1,1,1,0,1,0,0,1
211,1,1,1,0,1,1,1,1,1,0,1,0,1,0,1,0,1,1,1,0,1,0,0,1
212,0,0,0,0,0,0,1,0,1,0,0,0,0,0,1,0,1,0,0,1,0,0,0,1
213,1,0,0,0,0,0,1,0,1,0,0,0,1,0,1,0,1,0,1,0,1,0,0,1
214,1,1,0,0,0,0,1,1,1,0,0,0,1,0,1,1,1,0,0,0,0,0,0,1
215,0,1,0,0,1,0,1,0,1,1,0,0,1,1,1,1,1,0,0,0,1,1,0,1
216,0,1,0,0,0,0,0,0,1,0,0,0,0,0,1,1,0,0,0,0,0,0,0,1
217,1,1,0,1,0,0,1,1,1,0,1,0,1,0,1,1,1,0,1,0,1,0,1,1
218,0,0,1,0,0,0,1,0,0,0,0,0,0,0,0,0,0,0,0,0,1,0,0,1
219,0,1,0,0,0,0,0,0,1,0,1,0,0,0,1,1,0,0,0,0,1,0,0,1
220,1,1,0,1,1,0,1,0,1,0,0,0,1,0,1,1,1,1,0,0,1,1,0,1
221,0,0,0,0,0,0,0,0,1,1,0,0,1,0,1,0,1,0,0,0,0,0,0,1
222,0,1,0,0,0,0,1,0,1,0,0,0,1,0,1,0,1,0,0,0,0,0,0,1
223,1,0,0,0,0,0,0,0,1,0,0,0,0,0,1,0,1,0,0,0,0,0,0,1
224,0,1,0,0,0,0,0,0,0,0,0,0,0,0,1,0,0,0,0,0,0,0,0,1
225,0,1,0,0,0,0,0,0,1,0,0,0,1,0,1,0,1,0,0,0,1,0,0,1
226,0,0,0,0,0,0,0,0,1,0,0,0,1,1,1,0,1,0,0,0,1,0,0,1
227,1,1,0,1,0,0,1,1,1,0,0,0,0,0,1,0,1,0,0,0,0,0,0,1
228,0,0,0,0,0,0,1,0,1,0,0,0,1,0,1,0,1,0,0,0,0,0,0,1
229,0,1,0,0,0,0,1,1,1,0,0,0,0,0,1,1,1,0,0,0,0,0,0,1
230,0,0,0,0,0,0,1,0,1,0,0,0,0,0,0,0,0,0,0,0,0,0,0,1
231,0,1,1,0,1,1,1,1,1,0,1,0,1,0,1,0,1,1,0,0,1,1,1,1
232,0,1,0,0,1,0,1,0,0,0,0,0,1,0,1,1,1,1,0,0,1,0,0,0
233,0,1,0,1,1,0,1,0,1,0,0,0,1,0,1,0,1,1,0,0,0,0,0,1
234,0,0,0,0,0,0,0,0,1,0,0,0,0,0,0,0,0,0,0,0,0,0,0,1
235,0,1,0,0,0,0,1,0,1,0,1,0,1,0,1,0,1,0,0,0,0,0,0,1
236,1,1,0,0,0,0,1,0,1,0,0,0,1,0,1,1,1,0,0,0,1,0,0,1
237,1,1,0,0,0,0,0,0,1,0,1,0,0,0,1,1,1,0,0,0,1,1,0,0
238,1,0,0,0,0,0,1,0,1,1,0,0,1,0,0,0,1,0,0,0,0,0,0,0
239,0,1,0,0,0,0,0,1,1,0,0,0,1,0,1,0,0,0,0,0,1,0,0,1
240,0,1,0,0,0,0,1,0,1,0,1,0,1,0,1,0,0,1,0,0,0,0,0,1
241,1,1,0,0,0,0,1,1,1,0,0,0,0,0,0,0,1,0,0,0,0,0,0,1
242,0,1,0,0,0,0,0,0,1,0,0,0,0,0,0,0,1,0,0,0,0,0,0,1
243,0,1,1,0,1,0,0,1,1,0,1,0,1,0,1,0,1,0,1,0,1,1,0,0
244,1,0,0,0,0,0,1,0,1,0,0,0,0,0,0,0,1,0,0,0,0,0,0,1
245,1,1,0,0,1,0,1,1,0,0,1,0,0,0,1,0,0,0,0,0,0,0,0,1
246,0,1,0,0,0,0,1,0,1,0,0,0,0,0,1,0,1,0,0,0,1,0,0,1
247,0,1,0,0,0,0,1,0,1,0,1,0,1,0,1,0,0,0,0,0,0,0,0,0
248,0,1,0,0,0,0,1,0,1,0,1,0,1,0,1,1,1,0,0,0,0,0,0,1
249,1,1,0,0,0,0,1,1,1,0,0,0,0,0,1,0,1,0,1,0,0,0,0,1
250,0,1,0,0,0,0,0,0,1,0,0,0,1,0,1,0,1,0,0,0,1,0,0,1
251,1,1,0,0,0,0,1,0,1,0,0,0,1,0,1,1,1,0,0,0,1,0,0,1
252,0,1,1,1,1,0,1,1,1,0,0,0,1,1,1,1,1,0,0,0,1,0,0,1
253,0,1,0,0,0,0,0,0,1,0,0,0,1,0,1,0,1,0,0,0,1,0,0,0
254,0,0,0,0,0,0,1,0,1,0,0,0,0,0,1,0,1,0,0,0,0,0,0,1
255,1,1,0,0,0,0,1,0,1,0,0,0,0,0,1,0,1,0,0,0,0,0,0,1
256,1,1,0,0,0,0,1,1,1,0,1,0,1,0,1,1,1,0,1,0,1,0,1,1
257,1,0,0,0,0,0,1,1,1,0,1,0,1,0,1,1,1,0,0,0,0,0,0,1
258,0,1,0,0,0,0,1,0,1,0,0,0,0,0,0,0,0,0,0,0,0,0,1,1
259,1,1,0,0,1,0,1,1,1,0,1,0,1,0,1,0,1,0,1,0,1,0,0,1
260,0,1,0,0,0,0,1,0,1,0,0,0,1,0,1,1,1,0,0,0,1,0,1,1
261,1,1,0,0,0,0,1,1,1,0,1,0,1,0,1,1,0,0,0,0,1,0,0,1
262,1,1,0,0,1,0,0,0,1,0,0,0,1,0,1,0,1,0,0,0,1,0,0,1
263,1,1,0,0,0,0,1,0,1,0,0,0,0,0,1,0,1,0,1,0,1,0,0,1
264,0,1,0,0,0,0,0,0,1,0,0,0,0,0,0,1,1,0,0,0,1,0,0,1
265,0,1,0,0,0,0,1,0,1,0,0,0,0,0,0,0,1,0,0,0,1,0,0,1
266,1,1,0,0,0,0,0,1,1,0,1,0,1,1,1,1,1,0,0,0,1,1,0,1
267,1,0,0,1,0,0,1,0,1,0,0,0,0,0,1,0,1,0,0,0,0,0,0,1
268,1,1,0,0,1,0,1,1,1,0,0,0,1,0,1,0,1,1,0,0,1,0,0,1
269,1,1,0,0,0,0,0,0,1,1,0,0,1,0,1,0,1,0,0,0,0,0,1,1
270,1,0,0,0,0,0,1,0,1,0,1,0,1,0,1,1,1,0,0,0,0,0,0,0
271,1,0,0,0,0,0,1,1,1,0,0,0,0,0,0,0,1,0,0,0,0,0,1,0
272,1,1,0,0,0,0,1,1,1,0,1,0,1,0,1,0,0,0,1,0,1,0,0,1
273,1,1,0,0,0,0,1,1,1,1,0,0,0,0,1,1,1,1,0,0,1,0,0,1
274,0,0,0,0,0,0,0,0,1,0,0,0,0,0,1,1,1,0,0,0,1,0,0,1
275,0,1,0,0,0,0,0,0,0,0,0,0,0,0,0,0,1,0,0,0,1,0,0,0
276,0,1,0,0,0,0,1,1,1,0,0,0,1,0,1,0,1,0,1,1,1,0,1,1
277,1,0,0,0,0,0,1,1,1,0,1,0,1,0,1,1,1,0,0,0,0,0,1,1
278,0,1,0,0,0,0,0,0,1,0,0,0,1,0,1,1,1,0,1,0,1,0,0,0
279,1,1,0,0,0,0,1,0,1,0,0,0,0,0,0,0,0,0,1,0,1,0,0,1
280,0,1,0,1,0,0,1,0,1,0,0,0,0,0,1,0,1,0,0,0,0,0,0,1
281,1,1,0,0,0,0,1,0,1,1,0,0,0,0,1,1,1,0,0,0,0,0,1,1
282,0,1,0,0,0,0,0,0,1,0,0,0,0,0,0,0,0,0,0,0,0,0,0,0
283,0,0,0,0,1,0,1,0,0,0,0,0,1,0,1,0,0,0,1,0,0,0,0,1
284,1,1,0,0,0,0,0,0,1,1,0,0,0,0,1,1,0,0,1,0,0,0,1,1
285,0,0,0,0,0,0,1,0,1,0,0,0,1,0,1,0,1,0,0,0,0,0,0,0
286,0,1,0,0,0,0,1,0,1,0,1,0,0,0,1,1,0,0,0,0,0,0,0,1
287,0,1,1,0,0,0,1,1,1,0,0,0,0,0,1,0,1,0,0,0,1,0,0,1
288,1,1,0,0,0,0,1,0,1,0,0,0,1,0,1,0,1,0,0,0,1,0,0,0
289,1,1,1,0,1,0,1,0,1,0,0,0,1,1,1,1,1,0,0,0,0,0,0,1
290,0,1,0,0,1,0,0,1,1,0,0,0,0,0,1,0,1,0,0,0,1,0,0,1
291,0,1,0,0,0,0,1,1,1,0,0,0,1,1,1,0,1,0,0,0,1,0,0,1
292,0,1,0,0,0,0,1,0,0,0,0,0,0,0,0,0,1,0,0,0,0,0,0,0
293,1,0,0,0,0,0,1,0,1,0,0,0,1,0,1,0,1,0,1,0,0,0,0,0
294,0,1,0,0,0,0,0,0,0,0,0,0,0,0,1,0,0,0,0,0,0,0,0,0
295,1,1,0,0,0,0,0,1,1,0,0,0,0,0,1,1,1,0,0,0,1,0,1,1
296,1,1,0,0,0,0,1,1,1,1,0,1,1,0,1,1,1,0,1,0,1,0,0,1
297,0,1,0,0,1,0,1,0,1,0,1,0,1,0,1,1,1,0,0,0,0,0,0,1
298,0,1,1,1,1,0,1,0,1,0,0,0,1,0,1,1,1,0,0,0,0,0,0,1
299,0,1,0,0,0,0,0,0,1,0,0,0,0,0,1,0,0,0,0,0,1,0,0,0
300,0,1,1,1,1,0,1,0,1,1,1,0,0,0,1,1,1,0,0,0,0,0,0,1
301,1,1,0,0,0,0,1,0,1,0,1,0,0,0,1,1,1,0,0,0,0,0,0,1
302,1,1,0,0,0,0,1,0,1,0,0,0,0,0,1,0,1,0,0,0,1,0,0,1
303,0,0,0,0,0,0,1,0,1,0,1,0,0,0,1,0,1,0,0,0,1,0,0,1
304,0,0,0,0,0,0,1,0,1,0,0,0,0,0,1,0,1,0,0,0,0,0,0,1
305,1,1,0,1,1,0,1,1,1,1,1,0,1,1,1,1,1,1,1,1,1,1,0,1
306,1,1,0,0,0,0,1,0,1,0,0,0,0,0,1,0,1,0,0,0,0,0,1,1
307,0,1,0,0,0,0,0,0,1,0,0,0,1,0,1,0,1,0,0,0,0,0,0,1
308,1,1,0,0,0,0,1,1,1,0,0,0,0,0,1,0,1,0,0,0,0,0,1,1
309,0,0,0,1,0,0,1,0,1,0,0,0,1,0,1,0,1,0,1,0,1,0,0,1
310,0,1,1,1,1,1,1,1,1,0,0,0,0,0,1,0,1,1,0,0,1,1,0,1
311,1,1,0,0,0,0,0,0,1,1,1,0,1,0,1,1,1,0,0,0,0,0,0,1
312,0,1,0,0,0,0,0,0,1,0,0,0,0,0,1,0,1,0,0,0,1,1,0,0
313,0,0,0,0,0,0,1,0,1,0,0,0,0,0,1,1,1,1,0,0,1,0,0,1
314,0,1,0,0,1,0,1,0,1,0,1,0,0,0,1,0,1,0,0,0,1,0,1,1
315,1,1,1,0,1,0,1,1,1,0,1,0,1,0,1,0,1,0,1,0,1,0,0,1
316,0,1,0,1,0,0,1,0,1,0,0,0,0,0,0,1,1,0,0,0,1,0,0,1
317,1,1,0,0,1,0,1,1,1,0,0,0,1,0,1,1,1,0,0,0,1,0,1,1
318,0,1,1,0,1,0,1,1,1,0,0,0,0,0,0,0,0,0,0,0,0,0,0,1
319,0,1,0,0,0,0,0,0,1,0,0,0,1,0,0,0,1,0,0,0,0,0,0,1
320,0,0,0,0,0,0,1,0,1,0,0,0,0,0,1,0,1,0,0,0,0,0,0,0
321,0,0,0,0,0,0,1,0,1,0,0,0,1,0,1,0,0,0,0,0,0,0,0,0
322,0,1,0,1,1,0,0,1,1,1,0,0,0,0,1,0,1,0,0,0,1,0,0,1
323,1,1,0,1,0,0,1,1,1,1,0,0,1,0,1,0,1,0,0,0,1,0,0,1
324,1,1,0,0,1,0,0,0,1,1,1,0,1,0,1,1,1,0,0,0,1,0,0,1
325,1,1,0,0,1,0,1,1,1,0,0,0,1,0,1,0,0,0,0,0,0,0,0,1
326,0,1,0,0,0,0,1,0,1,0,0,0,1,0,1,1,1,0,0,0,0,0,0,1
327,0,0,0,1,0,0,0,0,1,0,1,0,0,0,0,0,1,1,0,0,0,0,1,0
328,0,1,0,1,0,0,1,0,1,0,0,0,0,0,1,0,1,0,1,0,0,0,1,1
329,1,1,0,0,0,0,0,1,1,0,1,0,1,1,1,1,1,0,0,0,1,0,1,1
330,1,1,0,0,0,0,1,0,1,0,0,0,0,0,1,0,1,1,0,0,0,0,0,0
331,1,1,0,0,0,0,1,1,1,1,1,1,0,0,1,0,1,0,1,0,1,0,1,1
332,0,1,1,0,1,0,1,0,1,0,0,0,1,0,1,0,1,0,1,0,0,0,0,0
333,1,0,0,0,0,0,1,0,1,1,1,0,0,0,1,0,1,0,0,0,1,0,0,1
334,1,1,0,1,0,0,1,1,1,1,0,0,1,0,1,0,1,0,1,0,1,0,1,1
335,1,1,1,0,0,0,1,1,1,0,0,1,1,0,1,0,1,1,0,0,0,0,0,1
336,0,1,0,0,1,0,1,1,1,1,1,0,1,1,1,1,1,0,0,0,1,1,0,1
337,0,1,0,1,0,0,1,0,1,0,0,0,0,0,1,0,1,0,1,0,1,0,0,1
338,0,1,0,0,0,0,1,1,1,0,0,0,1,0,1,1,1,0,0,0,0,0,0,1
339,0,1,0,0,1,0,1,1,0,0,0,0,0,0,1,0,1,0,0,0,1,0,0,1
340,0,1,0,0,0,0,0,0,0,0,0,0,0,0,0,0,0,0,0,0,0,0,0,0
341,0,1,1,0,1,0,1,1,0,0,0,0,1,0,1,0,1,0,0,0,1,0,0,1
342,0,1,0,0,0,0,0,0,1,0,0,0,0,0,1,0,1,0,0,0,0,0,0,1
343,1,1,0,0,0,0,1,1,1,0,0,0,0,0,1,0,1,0,0,0,1,0,0,1
344,1,1,0,1,0,0,1,0,1,0,1,0,0,0,1,1,1,0,1,0,0,0,1,1
345,1,1,0,0,1,0,1,0,1,0,0,0,0,0,0,0,1,0,0,0,0,0,0,1
346,0,1,0,0,0,0,0,0,1,0,0,0,1,0,1,0,1,0,0,0,0,0,0,1
347,1,1,0,0,0,0,0,0,1,0,0,0,1,0,1,0,1,0,0,0,1,0,0,1
348,1,1,0,0,0,0,1,1,1,0,1,0,1,0,1,1,1,0,1,0,1,0,1,1
349,1,1,0,0,0,0,0,1,0,1,0,1,1,0,1,0,1,0,1,0,1,0,1,0
350,0,1,0,0,0,0,0,1,1,0,1,0,0,0,1,1,1,0,1,0,0,0,0,1
351,0,1,0,0,1,0,0,0,1,0,0,0,0,0,1,0,0,0,0,0,0,1,0,1
352,1,1,0,1,0,0,1,1,1,0,1,0,0,0,1,0,1,0,1,0,0,0,0,1
353,0,1,0,0,0,0,1,1,1,0,0,0,1,0,1,1,1,1,1,0,1,1,0,1
354,0,1,0,0,0,0,0,1,1,0,0,0,0,0,0,0,1,0,0,0,0,0,0,1
355,0,0,0,0,0,0,0,0,1,0,0,0,1,0,0,1,0,0,0,0,0,0,0,0
356,1,1,0,1,1,0,1,0,1,0,0,0,0,0,0,0,1,0,0,0,1,0,0,1
357,0,1,0,0,0,0,0,0,1,0,0,0,0,0,1,0,1,0,0,0,1,0,0,1
358,0,1,0,0,0,0,1,0,1,0,0,0,1,0,1,0,1,0,0,1,1,0,0,1
359,1,1,0,0,0,0,0,0,1,1,1,0,1,1,1,1,1,0,1,0,1,0,1,1
360,0,1,0,0,0,0,1,0,1,1,1,0,1,0,0,0,1,0,1,0,0,0,1,1
361,0,1,0,0,0,0,1,1,1,0,0,0,0,0,1,0,1,0,1,0,0,0,0,0
362,1,1,0,0,0,0,1,0,1,0,0,0,1,0,1,1,1,0,0,0,0,0,0,0
363,0,1,0,1,0,0,1,0,1,0,0,0,1,0,1,0,1,0,0,0,1,0,0,1
364,0,1,0,0,1,0,0,0,1,0,0,0,0,0,1,1,1,0,0,0,1,1,0,1
365,0,1,1,0,0,0,0,1,1,0,0,0,1,0,1,0,1,0,0,0,0,0,1,1
366,1,1,0,1,1,0,1,0,1,0,1,0,0,0,1,1,1,0,1,0,1,0,0,1
367,1,1,0,0,0,0,1,0,1,0,0,0,0,0,0,0,0,0,0,0,1,0,0,0
368,1,1,0,1,0,0,0,0,1,0,1,0,0,0,0,0,1,0,0,0,0,0,1,1
369,0,1,1,0,1,1,1,1,1,0,0,0,1,0,1,0,0,0,0,0,1,0,0,1
370,0,1,0,0,1,0,0,0,1,0,0,0,0,0,0,1,1,0,0,0,0,0,0,1
371,0,1,0,0,1,0,0,0,1,0,0,0,0,0,1,0,0,0,0,0,1,0,0,1
372,1,1,0,0,0,0,1,0,1,0,0,0,0,0,1,1,1,0,0,0,1,0,0,1
373,1,1,0,1,0,0,1,1,1,0,0,0,0,0,1,0,1,0,0,0,0,0,0,1
374,0,1,0,0,0,0,1,0,1,0,0,0,0,0,1,0,1,0,0,0,1,0,0,1
375,0,1,0,0,0,0,1,0,1,0,0,0,0,0,0,1,0,0,0,0,1,0,0,1
376,0,1,0,0,0,0,1,1,1,0,1,0,0,0,1,0,1,1,0,0,1,0,0,1
377,0,1,1,0,1,0,1,1,1,0,1,0,0,0,1,1,1,0,1,0,0,0,0,1
378,0,1,0,0,0,0,0,0,1,0,0,0,1,0,0,0,1,0,0,0,1,1,0,1
379,1,0,0,0,0,0,0,0,1,0,0,0,1,0,1,0,0,1,0,0,0,0,0,1
380,1,1,0,0,0,0,1,1,1,0,0,0,0,0,1,0,0,0,0,0,0,0,0,0
381,1,1,0,0,0,0,1,1,1,0,0,0,0,0,1,0,1,1,0,0,0,0,0,1
382,1,1,0,0,0,0,0,0,1,0,0,0,0,1,1,0,1,0,0,0,1,0,0,1
383,1,1,0,0,0,0,0,0,1,0,0,0,0,0,1,0,1,0,0,0,1,0,0,1
384,1,1,0,0,0,0,1,1,1,0,1,0,0,0,1,1,1,1,0,0,1,0,0,1
385,0,0,0,0,0,0,1,0,1,0,1,0,1,0,1,0,1,0,0,0,1,0,0,1
386,1,1,0,0,0,0,1,0,1,0,0,0,1,1,1,0,1,0,0,0,1,0,0,1
387,1,1,0,0,0,0,1,1,1,0,0,0,0,0,1,0,1,0,0,0,1,0,0,1
388,0,1,0,0,0,0,0,0,0,0,1,0,0,0,1,0,1,0,0,0,1,0,1,1
389,0,1,0,0,0,0,1,1,1,0,0,0,0,0,1,0,1,0,1,0,1,1,0,1
390,1,1,0,0,0,0,1,1,1,0,1,0,1,0,1,1,1,1,1,1,1,0,1,1
391,0,1,0,0,0,0,1,0,1,0,1,0,0,0,1,0,1,0,0,0,1,0,0,1
392,1,1,0,0,1,0,1,1,1,0,0,0,1,0,1,1,1,0,0,0,1,1,0,1
393,0,1,0,0,0,0,1,1,1,0,0,0,1,0,1,1,1,0,0,0,0,0,0,1
394,0,0,0,0,0,0,0,0,1,0,0,0,0,0,0,0,1,0,0,0,1,1,0,1
395,0,0,0,0,0,0,0,0,0,0,0,0,0,0,0,1,1,0,0,0,0,0,0,0
396,0,1,0,0,0,0,0,0,1,0,0,0,1,0,0,0,1,0,0,0,0,0,0,0
397,0,1,0,0,0,0,0,0,1,0,0,0,0,0,1,0,0,0,0,0,0,0,0,0
398,0,1,0,0,0,0,0,0,1,1,1,0,1,0,1,1,1,0,0,0,0,0,1,1
399,0,1,0,1,1,0,1,1,1,0,0,0,0,0,0,1,1,0,0,0,1,0,0,1
400,0,1,0,0,0,0,0,0,1,0,0,0,1,0,0,0,1,0,0,0,0,0,0,0
401,0,0,0,0,0,0,1,1,1,0,0,0,0,0,0,0,0,0,0,0,1,0,1,1
402,0,0,0,0,0,0,1,1,1,0,0,0,1,0,1,0,1,0,0,0,1,0,1,1
403,0,1,0,0,0,0,1,0,1,0,0,0,1,0,1,1,1,0,0,0,1,0,0,1
404,0,1,0,0,0,0,1,0,1,0,0,0,0,0,0,1,1,0,0,0,0,0,0,1
405,1,1,0,0,0,0,1,0,1,1,1,0,1,0,1,1,1,1,0,0,0,0,0,1
406,0,1,0,0,0,0,1,0,1,0,0,0,1,1,1,1,1,0,0,0,0,0,1,1
407,0,1,0,1,1,0,1,0,1,0,0,0,0,0,1,1,0,0,0,0,0,0,0,1
408,1,0,0,1,0,0,1,1,1,0,0,0,1,1,1,1,1,0,0,0,0,0,0,1
409,1,0,0,0,0,0,1,0,1,0,0,0,1,0,1,1,1,0,0,0,1,0,0,0
410,0,1,0,0,0,0,0,0,1,1,0,0,0,0,1,0,1,0,0,0,0,0,0,1
411,0,0,0,0,0,0,1,0,1,0,0,0,1,0,0,0,0,0,0,0,0,0,0,1
412,0,1,1,0,1,1,1,0,1,0,0,0,1,0,1,0,1,0,0,0,0,0,0,1
413,0,0,0,0,0,0,1,1,1,1,0,0,0,0,1,1,0,0,0,0,1,0,0,1
414,0,0,0,0,0,0,0,0,1,0,0,0,0,0,1,0,0,0,1,0,1,0,0,1
415,0,1,0,0,0,0,1,0,1,0,0,0,1,0,1,1,1,0,0,0,1,0,0,1
416,0,1,0,0,0,0,1,1,1,0,0,0,1,0,1,0,1,0,1,0,1,0,0,1
417,1,0,0,0,0,0,1,0,1,0,0,0,1,0,1,0,1,0,1,0,1,0,1,1
418,1,0,0,1,0,0,1,1,1,0,1,0,0,0,0,0,0,1,0,0,0,1,0,1
419,1,1,0,0,1,0,1,0,1,1,1,0,1,1,1,0,1,0,1,0,1,1,0,1
420,0,1,0,0,0,0,1,0,1,0,0,0,0,0,1,0,1,0,0,0,1,0,0,1
421,0,0,0,0,0,0,1,0,1,0,1,0,0,0,1,0,0,0,0,0,0,0,0,1
422,1,1,0,0,0,0,0,1,1,0,0,0,1,0,1,0,1,0,0,0,0,0,1,1
423,0,1,0,0,0,0,0,0,1,0,0,0,0,0,1,1,0,0,0,0,0,0,0,1
424,0,1,0,0,1,0,1,0,1,0,0,0,1,0,1,0,1,0,0,0,1,0,0,1
425,1,1,0,0,0,0,0,0,1,0,0,0,1,0,1,0,1,0,1,0,0,0,0,1
426,1,1,0,0,0,0,0,0,1,0,0,0,1,0,1,0,0,1,0,0,1,0,0,1
427,0,1,0,0,0,0,0,0,1,0,0,0,1,0,0,0,0,0,0,0,0,0,0,0
428,0,1,0,0,0,0,1,0,1,0,1,0,0,0,1,0,1,0,1,0,1,0,1,1
429,0,1,0,0,0,0,1,0,1,0,1,0,0,0,1,1,1,1,0,0,0,0,0,1
430,1,1,0,0,0,0,1,0,1,0,0,0,0,0,1,0,1,0,0,0,1,0,0,1
431,0,1,1,0,0,0,0,0,1,0,1,0,1,0,1,0,1,0,1,0,1,0,0,1
432,0,1,0,0,0,0,1,0,1,0,0,0,0,0,1,1,1,0,0,0,0,0,0,0
433,1,1,0,1,1,0,1,1,1,1,0,1,1,0,1,1,1,0,0,0,0,0,1,1
434,0,1,0,1,1,0,1,0,1,0,0,0,0,0,1,1,1,0,0,0,0,0,0,1
435,1,1,0,0,0,0,0,1,0,1,0,0,0,0,1,1,1,0,0,0,0,0,1,1
436,0,1,0,0,0,0,1,0,1,0,0,0,1,0,1,1,1,1,0,0,1,1,0,1
437,0,0,0,0,0,0,1,1,1,0,0,0,1,0,0,0,1,0,0,0,0,0,0,1
438,1,0,0,0,0,0,0,0,0,0,0,0,0,0,1,1,1,0,0,0,0,0,0,0
439,0,1,0,0,0,0,1,0,1,0,1,0,1,1,1,0,1,0,1,0,1,0,0,1
440,0,0,0,0,0,0,0,0,1,0,0,0,0,0,1,1,1,0,0,0,0,0,0,1
441,1,1,0,0,1,0,1,1,1,0,0,0,1,0,1,0,0,0,0,0,0,1,0,1
442,1,1,0,0,1,0,1,1,1,0,1,0,0,0,0,0,1,0,0,0,1,0,0,1
443,1,1,1,1,1,0,1,0,1,1,1,0,0,0,1,1,1,0,0,0,1,0,0,1
444,0,0,0,0,0,0,1,0,0,0,0,0,0,0,1,0,1,0,0,0,0,0,0,1
445,0,1,0,0,0,0,1,0,1,0,0,0,1,0,1,1,1,0,0,0,0,0,0,1
446,0,1,0,1,1,0,1,1,1,0,1,0,0,0,0,0,1,0,0,0,0,0,0,1
447,1,1,0,0,1,0,1,1,1,0,0,0,1,0,1,1,1,0,0,0,1,0,0,1
448,0,1,0,0,0,0,1,1,1,0,0,0,0,0,0,0,0,0,0,0,0,0,0,1
449,0,1,0,0,0,0,1,0,1,0,0,0,1,0,1,1,1,0,0,0,0,0,0,1
450,1,1,0,0,0,0,1,0,1,0,0,0,0,0,1,0,1,0,1,0,1,0,0,0
451,0,1,0,0,1,0,1,0,1,0,1,0,1,0,1,0,1,1,0,0,0,0,1,1
452,1,1,0,0,0,0,1,1,1,0,0,0,1,0,1,1,1,0,1,0,1,1,1,1
453,0,1,0,0,0,0,1,0,1,0,0,0,1,0,1,0,1,0,0,0,1,0,0,1
454,1,1,0,1,0,0,1,0,0,0,0,0,0,0,0,0,0,0,0,0,0,0,0,1
455,0,1,0,0,1,0,1,0,1,0,0,0,0,0,0,0,1,0,0,0,0,0,0,0
456,0,1,0,0,0,0,0,1,1,0,0,0,1,0,1,1,1,0,0,0,1,0,0,1
457,0,1,0,0,0,0,0,0,1,0,1,0,1,0,0,0,1,0,0,0,0,0,0,1
458,1,1,0,0,0,0,1,1,1,0,1,0,0,0,1,1,1,0,0,0,1,0,0,1
459,0,0,0,0,0,0,0,0,0,0,0,0,1,0,0,0,1,1,0,0,1,0,0,1
460,1,1,0,0,0,0,1,1,1,0,0,0,1,0,1,1,1,0,0,0,0,0,0,1
461,0,1,0,0,0,0,1,0,1,0,0,0,0,0,0,0,0,0,0,0,0,0,0,1
462,1,1,0,0,0,0,1,0,1,0,1,0,1,0,1,1,1,1,0,0,1,0,0,1
463,0,1,0,0,0,0,0,0,1,0,0,0,1,0,0,1,1,0,0,0,0,0,0,1
464,0,1,0,1,1,0,1,1,1,0,0,0,1,0,1,1,1,0,1,0,1,0,0,1
465,1,1,0,0,0,0,1,1,1,0,0,0,0,0,1,0,1,0,0,0,1,0,0,1
466,0,1,0,0,0,0,1,0,1,0,1,0,1,0,1,1,1,0,0,0,0,0,0,1
467,0,1,0,0,0,0,1,1,1,0,0,0,1,0,1,0,1,0,1,0,1,0,0,1
468,0,1,0,1,0,0,1,0,1,0,0,0,1,0,1,0,1,0,0,0,0,0,0,1
469,1,0,0,0,0,0,0,0,1,0,0,0,0,0,0,1,0,0,0,0,0,0,0,0
470,0,1,0,0,0,0,1,1,1,0,0,0,0,0,1,1,0,0,0,0,0,0,0,1
471,0,1,0,0,0,0,1,0,1,0,0,0,1,0,1,1,1,0,0,0,1,0,1,0
472,1,1,1,0,1,1,0,0,1,0,0,0,0,0,0,0,1,0,1,0,1,1,0,0
473,0,1,0,1,1,0,1,0,1,0,0,0,0,0,0,0,0,0,0,0,0,0,0,1
474,1,1,0,1,1,0,1,0,1,0,0,0,0,0,1,1,1,0,0,0,0,0,0,0
475,1,1,0,1,0,0,1,0,1,0,0,0,1,0,0,0,0,1,1,0,1,0,1,1
476,1,0,0,1,0,0,1,1,1,1,0,0,1,0,1,0,1,0,1,0,1,1,0,1
477,1,0,0,1,0,0,1,0,0,0,0,0,0,0,0,1,1,0,0,0,0,0,1,1
478,0,1,0,0,0,0,1,0,0,0,0,0,1,0,0,0,1,0,0,0,0,0,0,0
479,0,1,0,1,1,0,0,0,1,0,0,0,1,0,1,1,0,0,1,0,1,0,0,1
480,1,1,0,0,0,0,0,1,1,0,0,0,1,0,1,0,1,0,1,0,1,0,1,1
481,0,1,0,0,1,0,1,0,1,1,0,1,0,0,1,1,1,0,0,0,0,0,0,1
482,0,1,0,0,0,0,1,1,1,0,0,0,1,0,1,1,1,0,1,0,1,0,0,1
483,1,0,0,0,0,0,1,0,1,1,0,0,1,0,1,0,0,0,0,0,0,0,0,1
484,0,1,0,0,0,0,1,0,1,0,0,0,0,0,1,1,1,1,0,0,1,0,0,1
485,1,1,0,0,0,0,1,0,1,0,0,0,1,0,1,0,1,0,0,0,1,0,0,1
486,0,1,0,0,0,0,1,0,1,0,1,0,1,0,1,1,0,0,1,0,1,0,0,1
487,0,1,0,0,0,0,1,1,1,0,0,0,1,0,1,0,1,0,0,0,1,0,0,1
488,0,1,0,0,0,0,1,0,1,0,1,0,1,0,1,1,1,0,0,0,0,0,0,1
489,0,1,0,0,0,0,1,0,1,0,0,0,0,0,1,0,1,0,1,0,0,0,1,1
490,1,1,0,0,0,0,1,1,1,1,1,1,1,1,1,1,1,0,0,0,1,1,0,1
491,0,1,0,0,0,0,0,0,0,0,0,0,0,0,0,0,1,0,0,0,1,0,0,1
492,0,0,0,0,0,0,1,0,1,0,0,0,1,0,1,0,1,0,0,0,0,0,0,1
493,0,1,1,0,1,1,1,0,1,0,0,0,1,0,1,1,1,0,0,0,1,1,0,1
494,1,1,0,1,0,0,1,0,1,0,0,0,0,0,1,0,0,0,0,0,0,0,0,1
495,1,1,0,0,0,0,1,1,1,0,1,0,1,0,1,0,1,1,0,0,1,1,0,1
496,1,1,0,0,0,0,1,1,1,0,0,0,0,0,0,0,1,0,0,0,0,0,0,1
497,0,1,1,0,0,0,0,0,1,0,0,0,0,0,1,0,1,0,0,0,0,0,0,0
498,0,1,0,0,0,0,1,0,1,0,0,0,0,0,1,1,1,0,0,0,1,0,0,1
499,0,1,0,0,0,0,1,1,1,1,0,1,1,0,1,1,1,0,0,0,0,0,0,1
500,0,1,0,0,0,0,1,1,1,0,1,0,0,0,1,1,1,0,0,0,0,0,1,1
501,1,1,0,0,0,0,1,0,1,1,1,0,1,0,1,1,1,0,1,0,1,0,0,1
502,0,1,0,0,0,0,1,0,1,1,0,0,1,0,1,1,1,0,0,0,0,0,1,1
503,1,1,0,0,0,0,0,0,1,0,0,0,1,0,1,1,1,0,0,0,1,0,0,1
504,1,1,0,0,0,0,0,1,1,0,0,0,1,0,1,0,1,0,1,1,0,0,0,1
505,0,1,0,1,0,0,1,0,1,0,0,0,1,0,1,1,1,0,0,0,1,0,0,1
506,0,1,0,0,0,0,1,1,1,0,0,0,1,0,1,0,1,0,0,0,1,0,0,1
507,1,1,1,0,1,0,1,0,1,0,1,0,1,0,1,0,1,0,1,0,1,1,0,1
508,0,1,0,0,0,0,0,0,1,0,0,0,0,0,0,1,1,0,0,0,0,0,0,0
509,0,0,0,0,0,0,0,0,1,0,0,0,0,0,0,0,0,0,0,0,0,0,0,1
510,1,1,0,0,1,0,0,0,1,0,0,0,0,0,0,1,0,0,0,0,1,0,0,1
511,0,1,0,0,0,0,1,1,1,1,0,0,1,1,1,1,1,1,0,0,0,0,1,1
512,0,1,0,1,1,0,1,0,0,0,1,0,0,0,1,0,1,0,0,0,0,0,1,1
513,0,1,0,0,0,0,1,0,1,0,0,0,0,0,1,0,1,0,0,0,0,0,0,1
514,0,1,0,0,1,0,1,1,1,0,0,0,0,0,0,1,1,0,0,0,1,0,0,1
515,0,1,0,0,0,0,0,1,1,0,0,0,1,0,1,0,1,0,0,0,1,1,0,1
516,0,1,0,0,0,0,0,0,1,0,1,0,1,0,1,1,1,0,0,0,0,0,0,1
517,0,1,0,0,0,0,0,1,1,0,1,0,0,0,1,0,1,0,0,0,1,0,0,0
518,0,1,0,1,0,0,1,1,1,0,0,1,1,0,1,1,1,0,0,0,1,0,0,1
519,0,1,0,0,0,0,1,0,1,0,0,0,1,1,1,0,1,0,0,0,1,0,0,1
520,1,1,0,0,1,0,1,1,1,0,1,0,0,0,1,0,1,0,0,0,0,0,0,1
521,1,1,0,0,0,0,1,1,1,0,1,0,0,0,1,0,1,0,1,0,1,0,0,1
522,0,1,0,0,0,0,1,0,1,0,0,0,0,0,1,0,1,0,0,0,1,0,0,1
523,0,1,0,0,1,0,0,1,1,0,0,0,1,0,1,1,1,0,0,0,0,0,0,1
524,1,1,0,1,0,0,1,1,1,0,0,0,1,0,1,1,1,0,1,0,1,0,0,1
525,1,1,0,1,0,0,1,0,1,0,0,1,0,0,0,0,1,0,0,0,0,0,0,1
526,0,1,0,0,0,0,1,0,1,1,0,0,1,0,1,0,0,0,0,0,0,0,0,1
527,0,1,0,1,0,0,0,0,1,0,0,0,1,0,1,1,1,0,0,0,0,0,0,1
528,0,0,0,0,1,0,1,0,1,0,0,0,0,0,0,1,1,0,0,0,0,0,0,1
529,0,1,0,0,0,0,1,0,1,0,1,0,0,0,1,0,0,0,0,0,0,0,0,1
530,0,1,0,0,0,0,1,0,1,0,0,0,0,1,1,0,1,0,0,0,0,0,0,1
531,0,0,0,0,0,0,1,0,1,0,0,0,1,0,1,1,1,0,0,0,0,0,1,1
532,0,1,0,0,0,0,0,0,1,0,0,0,1,0,0,0,0,0,0,0,0,0,0,1
533,0,1,0,0,0,0,1,1,1,0,0,0,0,0,1,0,1,0,0,0,1,0,0,1
534,0,1,0,0,1,0,1,0,1,0,1,0,1,0,1,1,1,1,0,0,0,0,0,1
535,1,0,0,0,0,0,1,1,1,0,0,0,0,0,1,1,1,0,1,0,0,0,0,1
536,1,1,0,1,1,0,0,1,1,0,0,0,0,0,1,0,1,0,0,0,1,0,0,1
537,0,1,0,1,1,0,1,0,1,1,1,0,0,0,1,0,0,1,0,0,0,0,0,0
538,1,1,0,0,0,0,1,1,1,0,0,0,1,0,1,1,1,0,1,0,1,0,0,0
539,1,1,0,1,0,0,1,0,1,1,0,0,1,1,1,1,1,0,1,0,1,0,0,1
540,0,0,0,0,0,0,0,0,1,0,0,0,0,0,0,0,1,0,0,0,0,0,0,1
541,1,1,0,0,0,0,0,1,1,1,0,0,1,0,1,1,1,0,0,0,0,0,1,1
542,0,1,0,0,0,0,1,1,1,0,0,0,0,0,0,0,1,0,1,0,0,0,0,0
543,0,1,0,1,0,0,1,1,1,0,0,0,1,0,1,0,1,1,0,0,0,0,0,1
544,1,1,0,0,0,0,0,0,1,0,0,0,0,0,1,1,1,0,0,0,1,0,0,1
545,0,1,0,0,0,0,1,0,1,0,0,0,1,0,1,0,1,0,0,0,0,0,0,1
546,1,1,0,0,0,0,0,1,1,0,0,0,0,0,0,0,1,0,0,0,1,0,0,1
547,0,1,0,0,0,0,0,0,1,0,0,0,1,0,1,0,1,1,1,0,1,0,0,1
548,0,1,0,1,0,0,1,0,1,0,0,0,0,0,1,1,1,0,0,0,0,0,0,1
549,1,1,0,0,0,0,1,0,1,0,0,0,1,0,1,0,1,0,0,0,1,0,0,1
550,1,0,1,0,0,1,0,0,1,0,0,0,0,0,1,0,1,0,0,0,0,0,0,1
551,1,0,0,0,0,0,1,0,1,0,0,0,1,0,1,0,1,0,0,0,0,0,1,1
552,0,1,0,0,0,0,1,1,1,0,0,0,0,0,0,1,0,0,1,0,0,0,0,1
553,1,1,0,0,0,0,1,1,1,0,0,0,1,0,0,1,0,0,0,0,1,1,0,1
554,1,1,0,0,1,0,1,1,1,0,1,0,0,0,0,1,1,0,0,0,1,0,0,1
555,1,1,0,0,0,0,1,1,1,0,0,0,1,0,1,0,1,0,1,0,0,0,0,1
556,1,1,0,1,0,0,1,0,1,0,0,0,1,0,1,0,1,0,1,1,1,1,1,1
557,0,1,1,0,1,1,0,0,1,0,0,0,0,0,1,0,1,0,0,0,1,0,1,1
558,1,1,0,0,0,0,1,0,1,0,0,0,1,0,1,1,0,0,1,0,0,0,1,1
559,0,1,0,0,0,0,1,0,1,0,0,0,0,0,0,0,1,0,0,0,0,0,0,1
560,1,1,0,1,1,0,1,0,1,0,0,0,1,1,1,1,0,0,1,0,1,0,0,1
561,0,1,0,0,0,0,1,0,1,0,0,0,1,0,1,0,1,0,0,0,0,0,0,1
562,0,1,0,0,0,0,0,0,1,0,0,0,0,0,1,1,1,0,0,0,0,0,1,0
563,0,1,0,0,0,0,1,0,1,0,0,0,0,0,1,1,1,0,1,0,0,1,1,0
564,0,1,0,0,1,0,0,0,1,0,0,0,0,0,1,1,1,0,0,0,0,0,1,1
565,0,1,0,0,0,0,1,0,1,0,0,0,1,0,1,0,1,0,0,0,1,0,0,1
566,0,1,0,0,0,0,1,0,1,0,0,0,0,0,1,0,1,0,0,0,0,0,0,1
567,1,1,0,1,0,0,0,0,1,0,0,0,1,0,1,1,1,0,1,0,1,1,0,1
568,1,1,0,0,0,0,1,1,1,1,0,1,0,1,1,0,1,1,0,0,0,0,0,0
569,0,1,0,1,0,0,1,0,1,0,0,0,0,0,1,1,1,0,0,0,0,0,0,1
570,1,1,0,0,0,0,0,0,1,0,0,0,0,0,1,0,1,0,0,0,0,0,1,0
571,1,1,0,1,0,0,1,0,1,0,0,0,1,0,1,1,1,0,1,0,1,0,0,1
572,1,1,0,0,0,0,1,0,1,0,0,0,1,0,1,1,1,0,0,0,0,0,0,0
573,0,1,0,0,0,0,1,1,1,1,0,0,0,0,1,0,1,0,0,0,0,0,0,1
574,1,0,0,0,1,0,1,1,1,0,1,0,1,0,1,1,1,0,1,0,0,0,1,1
575,0,1,0,0,0,0,0,1,1,0,0,0,0,0,0,0,1,0,1,0,1,0,0,0
576,0,1,0,1,0,0,1,1,1,0,1,0,1,0,1,1,1,1,0,0,1,0,0,1
577,1,1,0,1,0,0,1,0,1,0,0,0,1,0,1,1,0,0,1,0,0,0,1,1
578,0,1,0,1,0,0,0,1,1,0,0,0,0,0,1,1,0,1,0,0,0,0,0,1
579,1,1,0,0,0,0,0,0,1,0,0,0,1,0,1,0,1,0,1,0,1,0,0,0
580,0,1,0,0,0,0,0,1,1,0,0,0,0,0,0,0,1,0,0,0,0,0,0,1
581,1,1,0,0,0,0,1,0,1,0,0,0,1,0,1,1,1,0,0,0,0,0,1,1
582,0,1,0,0,0,0,1,0,1,0,0,0,0,0,1,0,0,0,0,0,0,0,0,0
583,0,1,0,0,0,0,1,0,1,0,0,0,1,0,0,0,0,0,0,0,0,0,0,1
584,0,0,0,0,0,0,1,0,1,0,0,0,0,0,1,1,1,0,0,0,0,0,1,1
585,1,1,0,0,0,0,1,1,1,0,0,0,1,0,1,1,1,0,0,0,0,0,0,1
586,0,1,0,0,0,0,0,1,1,0,1,0,1,0,1,0,1,0,0,0,1,0,0,1
587,0,0,0,0,0,0,1,0,1,1,0,0,0,1,0,1,1,0,1,0,0,0,0,1
588,1,0,0,0,0,0,0,0,1,1,0,0,0,0,0,0,1,0,0,0,1,0,0,0
589,1,1,0,1,0,0,1,0,1,0,1,0,0,0,1,0,0,0,0,0,0,0,0,1
590,1,1,0,0,1,0,1,1,0,0,0,0,0,0,1,0,1,0,0,0,0,0,0,1
591,1,1,0,1,0,0,1,1,1,0,1,0,1,0,1,1,1,0,0,0,0,0,0,1
592,0,1,0,0,0,0,1,1,1,0,0,0,0,0,1,0,1,0,0,0,0,0,0,1
593,0,1,0,0,0,0,1,0,1,0,0,0,0,0,0,0,1,0,0,0,0,0,0,1
594,0,1,0,0,0,0,0,0,0,0,0,0,0,0,0,0,0,0,1,0,0,0,0,0
595,0,1,0,0,0,0,0,0,1,0,0,0,1,0,1,0,1,0,1,0,1,0,0,0
596,1,1,0,0,0,0,1,0,1,0,0,0,0,0,1,1,1,0,0,0,1,0,0,1
597,0,0,0,1,0,0,1,0,0,0,0,0,0,0,1,1,1,0,0,0,0,0,0,1
598,0,1,0,0,0,0,1,1,1,0,0,0,1,0,1,1,1,0,0,0,1,0,1,1
599,1,1,1,0,1,0,1,0,1,0,0,0,1,0,1,0,1,1,0,0,1,0,0,1
600,1,0,0,0,1,0,0,0,1,0,0,0,0,0,1,0,1,0,1,0,1,1,0,0
601,1,0,0,1,0,0,1,0,1,0,0,0,0,0,0,0,1,0,0,0,0,1,0,0
602,0,0,0,0,0,0,1,1,1,0,0,0,1,0,0,0,1,0,0,0,0,0,0,0
603,1,1,1,0,0,0,1,1,1,1,0,1,0,1,1,1,1,1,0,1,0,0,1,1
604,0,1,0,0,0,0,1,0,1,0,0,0,1,0,1,0,1,0,0,0,0,0,0,1
605,1,1,0,0,0,0,0,0,0,0,0,0,0,0,1,1,0,0,0,0,1,0,0,0
606,1,1,0,0,0,0,0,0,1,0,0,0,0,0,1,1,0,0,0,0,1,0,0,1
607,1,1,0,0,0,0,1,1,1,0,0,0,1,0,1,1,1,0,1,0,1,1,1,0
608,1,1,0,1,0,0,0,0,1,0,1,0,1,0,1,0,1,0,1,0,0,0,0,1
609,1,1,0,1,1,0,1,1,1,0,1,0,1,0,1,1,1,1,1,1,1,0,0,1
610,1,1,0,0,0,0,1,0,1,0,0,0,0,0,1,1,1,0,0,0,0,0,0,1
611,1,1,0,0,0,0,1,0,1,0,0,0,1,0,1,0,1,1,0,0,0,0,0,1
612,1,1,0,0,0,0,1,0,1,0,1,0,0,0,0,1,1,1,0,0,1,0,0,1
613,1,0,0,1,1,0,0,0,1,0,0,0,0,0,1,0,1,0,0,0,0,0,0,0
614,0,1,1,1,1,0,1,1,1,0,0,0,0,1,1,1,1,1,0,0,0,1,0,1
615,0,0,0,0,0,0,1,1,1,0,0,0,0,0,1,0,1,0,0,0,1,0,0,0
616,1,1,1,1,1,1,0,1,0,0,0,0,1,0,0,0,1,0,1,0,1,0,0,1
617,0,1,0,0,0,0,1,1,1,1,0,1,1,0,1,1,1,0,0,0,1,0,0,1
618,1,1,0,0,1,0,0,0,1,0,0,0,0,0,1,0,1,0,0,0,1,0,0,0
619,0,1,0,0,0,0,1,0,1,0,0,0,0,0,1,0,1,0,0,0,0,0,0,1
620,1,1,0,0,0,0,0,1,1,0,0,0,1,0,1,1,1,0,1,1,1,1,0,1
621,0,0,0,0,0,0,1,0,1,1,0,0,1,0,0,1,1,0,0,0,1,0,0,1
622,0,1,0,0,0,0,1,0,1,0,0,0,1,0,1,1,1,0,0,0,0,0,0,0
623,0,1,0,0,0,0,1,1,1,0,0,1,1,0,1,0,1,0,0,0,0,0,1,1
624,1,1,0,0,0,0,1,1,1,0,1,0,1,0,1,1,1,0,0,0,1,0,0,1
625,1,1,0,0,1,0,0,0,1,0,0,0,1,0,0,0,1,0,1,0,1,0,0,0
626,1,1,0,0,0,0,1,0,1,0,0,0,1,0,1,0,1,0,0,0,0,0,0,1
627,0,0,0,0,0,0,0,0,1,0,0,0,0,0,1,0,0,0,0,0,0,0,0,1
628,0,1,0,0,0,0,0,0,1,0,0,0,1,0,1,0,1,0,0,0,0,0,0,1
629,0,1,0,0,1,0,1,1,1,0,1,0,0,0,1,0,1,0,0,0,0,0,0,1
630,1,1,0,0,0,0,1,1,1,1,0,0,0,0,0,0,1,0,0,0,1,0,0,1
631,1,1,0,0,0,0,0,1,1,0,0,0,1,1,1,1,1,0,1,0,1,0,1,1
632,0,0,0,0,0,0,0,0,1,0,0,0,0,0,0,0,1,1,1,0,0,0,0,1
633,1,1,0,0,0,0,0,1,1,0,0,0,0,0,1,0,1,0,0,0,0,0,0,1
634,0,1,0,0,0,0,0,0,1,0,0,0,0,0,1,1,1,0,0,0,0,0,0,1
635,1,1,0,1,1,0,1,1,1,0,0,0,1,0,0,0,1,0,0,0,1,0,0,1
636,1,1,0,0,0,0,1,1,1,0,0,0,1,0,1,0,1,0,0,0,0,0,0,1
637,1,1,0,0,0,0,1,0,1,0,0,0,0,0,1,0,1,0,0,0,1,0,0,1
638,0,1,1,0,0,0,0,0,1,0,0,0,1,0,1,0,1,0,0,0,0,0,0,1
639,1,1,0,0,0,0,0,0,1,0,0,0,1,0,1,0,1,0,1,0,1,0,0,1
640,1,1,0,0,1,0,1,0,1,0,1,0,1,0,1,1,1,0,0,0,0,0,0,1
641,1,1,0,0,0,0,1,0,1,0,1,0,0,0,0,1,1,0,0,0,0,0,0,1
642,1,1,0,0,0,0,1,1,1,0,0,0,1,0,1,1,1,0,0,0,1,0,0,1
643,0,1,0,0,0,0,0,1,1,0,1,0,0,0,1,1,1,0,0,0,0,0,1,1
644,1,0,0,0,1,0,0,0,1,1,1,0,1,0,1,1,1,1,0,0,1,0,0,1
645,0,1,0,0,0,0,1,0,1,0,0,0,0,0,1,1,1,0,0,0,1,0,0,1
646,0,1,0,0,0,0,0,1,1,0,0,0,0,0,1,0,0,0,1,0,0,0,1,1
647,0,0,0,0,0,0,0,0,1,0,0,0,0,0,1,0,1,0,0,0,0,0,1,1
648,1,1,0,0,0,0,1,1,1,1,0,0,1,0,1,1,1,0,0,0,0,0,0,1
649,0,0,0,0,0,0,1,0,1,0,0,0,1,0,1,0,1,0,0,0,0,0,0,0
650,1,1,0,0,0,0,0,1,0,0,0,0,0,0,1,0,1,0,0,0,0,0,0,1
651,0,1,1,0,0,0,0,0,1,0,0,0,0,0,1,0,1,0,0,0,0,0,0,1
652,1,1,0,1,0,0,1,0,1,0,0,0,1,0,1,0,1,0,1,0,1,0,0,1
653,1,1,0,1,1,0,1,0,1,0,0,0,1,1,1,0,1,0,1,0,1,0,1,1
654,1,1,0,1,0,0,1,1,1,0,0,0,0,0,1,1,1,0,0,0,0,0,1,1
655,1,0,0,0,0,0,1,1,1,0,1,0,0,0,1,0,1,0,0,0,1,1,0,1
656,0,1,0,0,0,0,0,0,1,0,1,0,0,0,1,1,1,0,0,0,0,0,0,1
657,0,1,0,0,0,0,1,0,0,0,1,0,0,0,1,1,1,0,0,0,0,0,0,1
658,1,1,0,0,0,0,0,0,1,0,1,0,1,0,1,0,0,0,0,0,1,0,0,1
659,0,1,0,0,0,0,1,0,1,0,0,0,0,0,1,0,1,0,0,0,1,0,0,1
660,0,1,0,0,0,0,1,0,1,0,0,0,1,0,0,0,1,0,0,0,1,0,0,1
661,0,0,0,0,0,0,0,0,1,0,0,0,1,0,1,1,1,0,0,0,0,0,0,0
662,0,1,1,0,0,0,1,0,1,0,0,0,0,0,0,0,1,0,0,0,0,0,1,1
663,1,1,0,0,0,0,1,1,1,0,0,0,1,0,0,1,1,0,0,0,1,0,0,1
664,1,0,0,0,0,0,1,1,1,0,0,0,1,0,1,1,0,0,0,0,0,0,0,0
665,1,0,0,0,0,0,0,0,0,0,0,0,0,0,1,0,1,0,1,0,1,0,0,0
666,0,1,0,0,0,0,0,0,1,0,0,0,1,0,1,0,0,0,0,0,0,0,1,1
667,0,1,0,0,0,0,0,0,1,0,0,0,1,0,0,0,0,0,1,0,1,0,0,0
668,1,0,0,0,0,0,0,0,1,0,0,0,0,0,0,0,1,0,0,0,0,0,0,1
669,0,1,0,0,0,0,1,0,1,0,0,0,1,0,1,0,1,0,0,0,1,0,1,1
670,1,0,0,0,0,0,0,0,1,0,0,0,1,0,1,0,1,0,1,0,1,0,0,1
671,0,1,0,0,0,0,0,0,0,0,0,0,0,0,0,0,0,0,1,0,0,0,0,1
672,1,1,0,0,1,0,1,1,1,0,0,0,1,0,1,1,1,1,0,0,1,0,0,1
673,0,1,0,0,0,0,1,0,1,0,1,0,0,0,1,1,1,0,0,0,0,0,0,1
674,1,1,0,0,0,0,1,0,1,0,0,0,1,0,1,0,1,0,0,1,1,0,0,1
675,0,1,0,0,0,0,1,0,1,0,0,0,0,0,1,0,1,0,0,0,1,0,0,1
676,1,1,0,0,0,0,1,0,1,0,0,0,0,0,1,0,1,0,0,0,0,0,0,0
677,0,1,0,0,0,0,1,0,1,0,0,0,0,0,1,1,1,0,0,0,0,0,0,0
678,0,1,0,0,0,0,1,1,1,0,1,0,0,0,1,1,0,0,0,0,1,0,0,1
679,0,1,0,0,0,0,0,0,0,0,0,0,0,0,0,0,0,0,0,0,0,0,0,1
680,0,1,0,0,0,0,0,0,1,0,0,0,0,0,0,0,0,0,0,0,0,0,0,0
681,1,1,0,0,1,0,1,1,1,0,1,0,0,0,1,0,1,0,0,0,0,0,1,1
682,1,1,0,0,0,0,1,0,1,1,1,0,0,0,0,1,1,1,0,0,1,0,0,0
683,1,1,0,0,1,0,1,1,1,1,0,1,1,0,1,0,1,0,0,0,1,0,1,1
684,0,1,0,0,0,0,0,1,1,0,0,0,1,0,1,0,1,0,1,0,1,0,1,1
685,1,1,0,0,0,0,1,1,1,0,0,0,1,0,0,0,1,0,1,0,0,0,0,1
686,0,0,0,0,0,0,1,0,1,0,1,0,0,0,1,1,1,0,0,0,0,0,0,1
687,0,0,0,0,0,0,1,1,1,0,0,0,1,0,1,0,1,0,1,0,1,0,0,1
688,0,1,0,0,0,0,1,0,0,0,0,0,0,0,1,0,1,0,0,0,1,0,1,1
689,0,1,0,0,0,0,1,0,1,0,0,0,1,0,1,0,1,0,0,0,0,0,0,1
690,0,0,0,0,0,0,0,0,1,0,0,0,0,0,1,0,1,0,0,0,0,0,0,1
691,0,1,0,0,1,0,1,1,1,0,1,0,1,0,1,0,1,0,0,0,0,0,0,1
692,0,1,0,0,0,0,0,0,1,0,1,0,1,0,1,1,1,0,1,0,0,0,1,1
693,0,1,0,1,0,0,0,1,1,1,1,1,1,1,1,1,1,1,1,0,1,1,1,1
694,1,1,0,0,0,0,1,0,1,0,1,0,1,0,1,0,1,0,0,0,0,0,1,1
695,0,1,0,0,0,0,1,0,1,0,0,0,1,0,1,0,1,0,0,0,0,0,0,1
696,0,1,0,0,0,0,0,0,1,0,0,0,0,0,0,0,1,0,0,0,1,0,0,0
697,1,1,0,0,1,0,0,1,1,0,1,1,0,0,0,0,0,0,1,0,1,0,0,1
698,1,1,0,0,1,0,0,1,1,1,1,0,1,0,1,0,1,1,0,1,1,1,1,0
699,0,1,0,0,0,0,0,0,1,0,0,0,0,0,0,0,1,0,0,0,0,0,0,1
700,1,1,0,0,0,0,1,0,1,0,0,0,1,1,1,1,1,0,0,0,0,0,0,1
701,1,1,0,0,0,0,0,0,1,0,0,0,0,0,1,0,1,0,1,0,1,0,1,1
702,1,1,0,1,1,0,1,0,1,1,0,0,0,0,1,1,1,1,0,0,0,0,0,1
703,1,1,0,0,0,0,1,1,1,0,0,0,0,0,1,1,1,0,0,0,0,0,0,0
704,0,0,0,0,0,0,1,1,1,0,0,0,0,0,1,0,1,0,0,0,1,0,0,1
705,0,0,0,0,0,0,1,1,1,0,0,0,0,0,0,1,0,0,0,0,0,0,0,0
706,0,1,0,0,0,0,1,0,0,0,0,0,0,0,0,0,1,0,0,0,1,0,0,1
707,0,1,0,0,0,0,1,0,1,0,1,0,1,1,1,0,1,0,0,0,0,0,0,1
708,1,0,0,0,0,0,1,1,1,0,0,0,0,0,1,1,1,0,0,0,0,0,0,0
709,1,1,0,0,1,0,1,1,1,1,1,0,1,0,1,1,1,0,1,0,0,0,0,1
710,1,1,1,0,1,0,0,0,1,0,1,0,0,0,1,1,1,0,1,0,1,1,0,1
711,1,0,0,0,0,0,1,1,1,0,0,1,1,0,1,0,0,0,1,1,1,1,1,1
712,1,1,0,0,1,0,1,0,1,0,1,0,1,0,1,0,1,0,1,0,1,0,1,1
713,0,1,0,0,0,0,0,0,1,0,0,0,0,0,1,0,1,0,0,0,0,0,0,1
714,1,1,0,0,0,0,1,0,1,1,0,1,1,0,1,1,1,0,0,0,1,0,0,1
715,1,1,0,1,0,0,1,0,1,1,0,0,1,0,1,1,1,0,0,0,1,0,0,1
716,0,1,1,0,1,1,0,0,1,0,0,0,0,0,1,0,1,0,0,0,0,0,0,1
717,0,1,0,0,0,0,0,1,0,0,0,0,0,0,0,0,0,0,1,1,1,1,0,0
718,1,1,0,1,1,0,1,1,1,0,0,0,1,0,0,1,0,0,0,0,0,0,0,0
719,0,1,0,0,0,0,0,0,1,0,1,0,0,0,1,0,1,0,1,0,0,0,0,1
720,0,1,0,0,0,0,1,1,1,1,0,0,0,0,0,1,1,0,0,0,0,0,0,1
721,0,1,0,0,0,0,0,0,1,0,0,0,0,0,1,0,1,0,0,1,1,1,0,1
722,0,1,0,0,0,0,1,0,0,0,1,0,0,0,1,0,1,0,0,1,1,1,0,0
723,1,1,0,0,1,0,1,0,1,0,0,0,0,0,1,0,0,0,0,0,1,0,0,0
724,0,1,0,0,0,0,1,0,1,0,1,0,1,1,1,0,1,0,1,0,1,1,0,1
725,0,0,0,0,0,0,0,0,1,0,0,0,1,1,1,0,1,0,1,0,1,0,0,1
726,1,1,0,0,0,0,1,1,1,0,1,0,1,0,1,1,1,0,1,0,1,0,1,1
727,1,1,0,0,0,0,1,0,1,0,0,0,1,0,1,1,1,0,1,0,1,0,0,1
728,1,1,0,1,0,0,1,0,1,0,0,0,0,1,0,0,1,0,0,0,1,0,0,1
729,0,1,0,0,0,0,1,0,1,0,0,0,1,0,1,1,0,0,0,0,0,0,0,0
730,1,1,0,0,0,0,1,0,1,0,1,0,1,0,1,0,1,0,0,0,0,0,0,1
731,1,0,0,0,0,0,1,0,1,0,0,0,0,0,0,0,1,0,0,0,1,0,0,1
732,1,1,0,0,0,0,1,1,1,0,0,0,1,0,1,1,1,0,1,0,1,0,0,1
733,1,1,0,0,0,0,1,0,1,0,0,0,1,0,1,0,1,0,1,0,1,0,1,1
734,0,1,0,0,0,0,0,0,1,0,0,0,1,0,1,0,1,0,0,0,0,0,0,1
735,1,1,0,0,0,0,1,0,1,0,0,0,1,0,1,0,1,0,0,0,1,0,0,0
736,1,1,0,1,1,0,1,1,1,0,1,1,1,1,1,1,1,1,0,0,1,1,1,1
737,0,1,0,0,0,0,0,0,1,0,0,0,0,0,1,0,0,0,0,0,0,0,0,1
738,0,0,0,0,0,0,1,0,1,0,0,0,1,0,0,1,0,0,1,0,1,0,0,0
739,1,1,0,0,0,0,1,1,1,0,0,0,0,0,1,1,0,0,0,0,0,0,0,1
740,1,1,0,0,0,0,1,0,1,0,1,0,1,0,1,0,1,0,0,0,1,0,1,1
741,1,1,0,0,0,0,1,1,1,0,0,0,0,0,0,1,1,0,1,0,1,0,0,1
742,0,1,0,0,1,0,0,0,1,0,0,0,0,0,1,0,0,0,0,0,1,0,0,1
743,1,0,0,0,0,0,1,0,1,0,0,0,1,0,0,0,1,0,0,0,0,0,0,0
744,1,0,0,1,0,0,1,1,1,0,1,0,0,0,0,1,1,0,1,1,1,0,1,1
745,1,1,0,0,0,0,1,1,0,0,0,0,0,0,1,0,1,0,0,0,1,0,0,0
746,0,0,0,0,0,0,1,1,1,0,0,0,1,0,1,0,1,0,1,0,0,0,0,1
747,0,1,0,0,0,0,1,0,1,0,0,0,0,0,1,0,1,0,0,0,0,0,0,1
748,0,1,0,0,0,0,1,0,1,0,0,0,0,0,1,0,1,0,0,0,1,1,0,1
749,1,1,0,1,1,0,0,0,1,0,0,0,0,0,0,0,0,0,0,0,0,0,0,1
750,0,1,0,0,0,0,1,1,1,1,0,0,0,0,1,1,1,0,0,0,0,0,0,0
751,1,1,0,0,0,0,1,1,1,0,0,0,1,0,1,0,1,0,0,0,1,1,1,1
752,0,1,0,0,0,0,0,0,1,0,0,0,1,0,1,1,1,0,0,0,0,0,0,0
753,0,1,0,0,0,0,1,1,1,0,0,0,1,0,1,0,1,0,1,1,1,1,0,1
754,0,1,0,0,0,0,1,1,1,0,1,0,1,1,1,1,1,1,1,0,1,1,1,1
755,1,1,0,0,0,0,1,1,1,0,1,1,1,0,1,1,1,1,0,0,0,0,0,1
756,1,1,0,0,0,0,0,0,1,0,0,0,1,0,1,0,1,0,1,0,1,0,0,1
757,0,1,0,0,1,0,1,0,1,0,0,0,0,0,0,0,1,0,0,0,1,0,0,1
758,0,1,0,0,0,0,1,0,1,0,0,0,0,0,0,0,1,0,0,0,0,0,0,1
759,0,1,0,0,0,0,1,1,1,0,0,0,0,0,1,0,1,1,1,0,0,0,0,0
760,0,1,0,0,0,0,0,0,0,1,0,0,1,0,0,0,0,0,0,0,0,0,1,1
761,0,1,0,0,0,0,1,0,0,0,0,0,0,0,0,1,0,0,0,0,1,0,0,0
762,0,1,0,0,0,0,1,1,1,0,1,0,0,1,1,0,1,0,0,0,1,0,0,1
763,0,1,0,0,0,0,0,0,1,0,0,0,0,0,1,0,1,0,0,0,1,0,0,1
764,0,1,0,0,0,0,1,0,1,0,1,0,1,0,1,0,1,1,0,0,1,0,0,1
765,0,1,0,0,0,0,1,1,1,0,1,0,1,0,1,0,1,0,1,0,1,0,0,0
766,1,1,1,0,0,0,1,0,0,0,0,0,0,0,1,0,1,0,0,0,0,0,0,0
767,0,1,0,0,0,0,1,1,1,0,1,0,1,0,1,1,1,0,0,0,1,0,0,1
768,1,1,0,0,0,0,1,0,1,1,0,0,0,0,1,0,1,0,0,0,0,0,0,0
769,1,1,0,0,0,0,1,1,0,0,0,0,1,0,1,1,1,0,0,0,1,0,0,1
770,1,1,0,0,0,0,1,1,1,0,1,0,1,1,1,1,1,0,1,0,1,0,0,0
771,0,1,0,0,0,0,1,1,1,0,1,0,0,0,1,0,1,1,0,0,1,0,0,1
772,0,1,0,0,0,0,1,0,1,0,1,0,0,1,0,0,1,0,0,0,1,0,0,0
773,0,1,0,1,0,0,1,1,1,1,0,0,0,0,1,1,1,0,0,0,0,0,0,1
774,0,1,0,0,0,0,1,1,0,0,0,0,1,0,1,0,1,1,1,0,0,0,0,1
775,0,0,0,0,0,0,0,1,1,0,1,0,1,1,1,0,1,0,1,0,0,0,0,0
776,1,1,0,0,1,0,1,0,1,0,0,0,1,0,1,0,1,0,1,0,1,0,0,1
777,1,0,0,0,0,0,0,1,1,0,0,1,1,0,1,0,0,1,0,1,1,0,1,1
778,0,1,0,0,0,0,1,1,1,0,0,0,0,0,1,0,1,0,1,0,1,0,0,1
779,1,1,0,0,1,0,1,0,1,1,1,0,0,0,1,1,1,0,1,0,1,0,0,0
780,1,1,0,0,1,0,0,0,1,0,0,0,0,0,1,0,0,0,0,0,1,0,0,1
781,0,1,0,0,0,0,0,0,1,0,0,0,0,0,0,0,1,0,0,0,0,0,0,1
782,0,0,0,0,0,0,0,0,1,0,0,0,1,0,0,0,1,0,1,0,0,0,0,0
783,0,1,0,0,0,0,1,0,1,0,1,0,1,0,1,0,1,1,0,0,1,0,0,1
784,0,1,0,0,0,0,1,0,1,0,0,0,1,0,0,0,1,0,0,0,1,0,0,1
785,0,1,0,0,0,0,0,0,1,0,0,0,1,0,1,1,1,0,0,0,1,0,0,0
786,1,1,0,0,0,0,1,0,1,0,1,0,1,0,1,0,1,0,0,0,1,0,0,1
787,1,1,0,0,0,0,1,1,1,0,0,0,1,0,1,1,1,1,0,0,0,0,1,1
788,0,1,0,0,0,0,1,1,1,0,0,0,1,0,1,1,1,0,0,0,0,0,1,1
789,0,0,0,0,0,0,0,0,1,0,1,0,1,0,0,1,1,0,1,0,0,0,0,1
790,0,1,0,0,0,0,1,1,1,0,1,0,0,0,0,0,1,0,0,0,0,0,0,1
791,1,1,0,0,0,0,1,1,1,1,0,0,1,0,1,1,1,0,1,0,1,0,1,1
792,0,1,0,0,0,0,0,0,1,0,0,0,1,0,1,0,1,0,1,0,1,1,0,0
793,1,1,0,0,1,0,1,0,1,0,0,0,0,0,1,0,1,0,0,0,0,0,0,1
794,1,1,1,0,0,0,0,1,1,0,0,0,0,0,1,1,1,0,0,0,1,0,0,1
795,0,1,0,0,0,0,0,0,1,0,0,0,0,0,0,0,1,0,0,0,1,0,0,1
796,1,0,0,1,0,0,1,0,1,0,0,0,1,0,0,0,0,0,1,0,1,0,1,1
797,1,1,0,0,0,0,1,0,1,0,0,0,1,0,0,1,1,0,0,0,0,0,0,1
798,1,1,1,1,1,1,1,0,1,0,0,1,0,0,1,0,1,0,0,0,1,0,0,1
799,0,1,0,0,0,0,0,0,0,0,0,0,0,0,1,0,0,0,0,0,0,0,0,1
800,1,1,0,0,0,0,0,1,1,0,0,0,1,1,1,1,1,0,1,0,1,1,1,0
801,1,1,0,1,0,0,0,0,1,1,0,0,1,0,1,0,1,0,0,0,1,0,0,1
802,0,0,0,0,0,0,1,0,1,0,0,0,0,0,1,0,1,0,1,0,0,0,0,1
803,0,0,0,0,0,0,1,1,1,0,0,0,0,1,1,0,1,0,0,0,0,0,0,1
804,1,1,0,0,1,0,0,0,1,0,0,0,0,0,0,1,1,0,0,0,0,0,0,1
805,0,0,0,0,0,0,0,0,1,0,0,0,0,0,1,0,0,0,0,0,0,0,0,0
806,1,1,0,0,0,0,1,0,1,0,0,0,0,0,1,1,1,0,0,0,1,0,0,1
807,1,1,0,0,0,0,1,0,1,0,0,0,0,0,1,1,1,0,0,0,1,0,0,1
808,1,1,0,0,0,0,0,0,1,0,0,0,1,0,1,0,1,0,0,0,0,0,0,1
809,0,1,0,1,0,0,1,1,1,1,0,0,1,1,1,1,0,1,0,0,1,0,0,1
810,0,1,0,0,0,0,1,1,1,0,0,0,1,0,1,0,1,1,0,0,0,0,0,0
811,0,1,0,0,0,0,1,1,1,0,0,0,0,0,1,0,1,0,0,0,0,0,0,0
812,1,1,1,0,1,0,0,0,1,0,1,0,0,1,1,0,1,0,1,0,1,0,1,1
813,0,1,0,1,1,0,1,1,1,0,1,0,1,0,1,1,1,0,0,0,1,0,0,1
814,1,0,0,0,0,0,1,0,1,0,0,0,0,0,0,1,1,0,0,0,1,0,0,1
815,0,1,0,1,1,0,1,0,1,0,0,0,0,0,1,1,1,1,1,0,1,0,0,1
816,1,1,0,0,0,0,0,0,1,0,1,0,1,0,1,0,1,0,1,0,1,0,0,1
817,1,1,0,0,1,0,1,1,1,0,1,0,1,0,1,0,1,0,0,0,0,0,0,1
818,0,0,0,0,0,0,1,0,1,0,1,0,0,0,1,1,0,0,0,0,1,0,0,1
819,0,1,0,1,0,0,0,0,1,0,0,0,0,0,1,0,1,0,0,0,0,0,0,0
820,0,0,0,0,0,0,1,1,1,0,0,0,1,0,1,0,1,0,0,0,0,0,0,1
821,0,0,0,0,0,0,1,1,1,0,0,0,1,0,1,0,1,0,0,0,0,0,0,0
822,1,1,0,0,0,0,1,1,1,1,0,0,1,0,0,1,1,0,0,0,1,0,0,1
823,1,1,0,0,0,0,1,1,1,1,0,0,1,0,0,1,1,0,0,0,1,0,0,1
824,0,1,0,0,1,0,1,0,1,0,0,0,1,1,1,1,1,0,0,0,0,0,0,1
825,0,0,0,0,0,0,0,0,1,0,1,0,1,0,1,0,1,0,0,0,0,0,0,1
826,0,1,0,1,0,0,1,1,1,0,1,1,1,0,1,1,0,0,1,0,1,0,1,1
827,0,1,0,0,0,0,1,0,1,0,0,0,0,0,0,0,0,0,0,0,0,0,0,0
828,1,1,0,0,1,0,1,1,1,0,1,0,1,0,1,0,1,1,0,0,1,1,1,1
829,1,1,0,0,0,0,1,0,1,0,0,0,1,0,1,1,1,0,0,0,1,0,0,1
830,0,0,0,1,0,0,1,0,1,0,0,0,0,0,1,0,1,0,0,0,0,0,0,1
831,1,0,0,0,0,0,0,0,1,0,0,0,0,0,1,1,0,0,0,0,0,0,0,0
832,1,0,0,0,0,0,1,0,1,0,0,0,1,0,1,0,1,0,0,0,1,0,0,0
833,0,1,0,0,0,0,1,0,1,0,0,0,0,0,1,1,1,0,0,0,1,0,0,1
834,0,0,0,0,0,0,0,0,1,0,0,0,0,0,1,0,1,0,0,0,0,0,0,1
835,0,1,0,0,0,0,1,1,1,0,0,0,1,0,1,1,1,0,0,0,1,0,0,1
836,0,1,0,0,0,0,0,0,1,0,0,0,1,0,0,0,1,1,0,0,0,0,1,1
837,0,1,0,0,0,0,1,1,0,0,0,0,1,0,1,0,1,0,0,0,1,0,1,1
838,1,1,0,0,0,0,1,0,1,1,0,0,1,0,1,1,1,0,0,0,0,0,0,1
839,0,1,0,0,0,0,1,1,1,1,1,1,0,0,0,1,1,0,0,0,1,0,0,1
840,0,1,0,0,0,0,1,1,1,0,0,0,0,0,1,0,1,0,0,0,0,0,0,0
841,1,1,0,0,0,0,1,1,1,0,0,0,0,0,1,0,1,0,0,0,0,0,1,1
842,0,0,0,0,0,0,1,1,1,0,0,0,0,0,1,0,1,0,0,0,0,0,0,1
843,0,1,1,0,1,0,1,1,1,0,1,0,1,1,1,1,1,0,0,0,1,0,0,1
844,0,0,0,0,0,0,0,0,1,0,0,1,1,0,0,0,0,0,0,0,0,0,0,1
845,0,1,0,1,1,0,0,0,1,0,0,0,0,0,0,0,1,0,0,0,1,0,0,1
846,1,1,0,0,0,0,1,0,1,0,0,0,1,0,1,0,1,0,1,0,0,0,0,1
847,0,1,0,1,0,0,1,0,1,0,0,0,1,0,0,0,0,0,0,0,1,1,0,1
848,1,1,0,0,0,0,1,1,1,0,1,0,1,0,0,0,1,0,0,0,1,0,0,1
849,0,1,1,1,0,0,0,0,1,0,0,0,0,0,0,1,1,0,0,0,0,0,0,1
850,0,1,0,1,0,0,1,1,1,0,0,0,1,0,1,0,1,0,0,0,1,0,0,0
851,0,1,0,1,1,0,1,0,1,0,0,0,1,0,1,1,1,0,0,0,0,0,0,1
852,0,1,1,0,1,0,1,0,1,0,1,0,0,1,1,0,1,0,1,0,1,0,0,1
853,1,1,0,1,0,0,1,0,1,0,0,0,1,0,1,1,1,0,0,0,1,0,0,1
854,1,1,0,0,0,0,1,0,1,0,0,0,1,0,1,0,1,0,0,0,1,0,1,1
855,1,0,1,0,0,0,0,0,1,1,1,1,1,1,1,1,1,1,1,1,1,1,1,1
856,0,1,0,0,0,0,1,1,1,0,0,0,1,0,1,0,1,1,0,0,1,0,0,1
857,0,0,0,0,0,0,1,1,1,0,0,0,0,0,1,0,1,0,0,0,1,0,0,0
858,0,1,0,0,0,0,0,1,1,0,1,0,0,0,1,1,1,1,0,0,0,0,0,0
859,1,1,0,1,0,0,1,0,1,0,0,0,1,0,1,0,1,0,1,0,1,1,0,1
860,1,1,0,0,0,0,1,1,1,1,0,0,0,0,1,0,0,1,0,0,0,0,0,1
861,1,1,0,0,1,0,1,1,1,0,1,0,0,0,1,0,1,0,1,0,1,0,0,1
862,1,1,0,0,0,0,0,0,1,0,1,0,1,0,1,1,1,0,1,0,0,0,1,0
863,1,1,0,0,1,0,1,1,1,0,0,0,1,0,1,1,1,0,0,0,0,0,0,1
864,1,1,0,0,0,0,1,1,1,0,0,0,0,0,1,0,1,0,1,0,1,1,0,1
865,1,1,1,0,1,0,0,0,1,0,1,0,1,0,1,1,1,0,1,0,1,0,0,1
866,1,1,0,0,0,0,0,0,1,0,0,0,0,0,1,0,1,0,1,0,1,0,1,1
867,0,0,0,0,0,0,0,0,0,0,0,0,1,0,1,0,1,0,0,0,0,0,0,0
868,0,1,0,1,0,0,0,0,1,0,0,0,0,0,1,0,1,0,1,0,1,0,0,1
869,0,0,0,0,0,0,1,0,1,0,0,0,0,0,1,0,1,0,0,0,0,0,0,1
870,0,1,0,0,0,0,1,1,1,0,0,0,1,0,1,1,1,0,0,0,1,0,0,1
871,0,1,0,0,1,0,0,0,1,0,1,0,0,0,0,0,1,0,1,0,1,1,0,1
872,1,0,0,0,0,0,0,1,1,0,0,0,1,0,0,0,1,0,0,0,1,0,0,0
873,0,1,0,0,0,0,0,0,1,0,1,0,1,1,1,1,1,0,0,0,1,1,0,1
874,0,1,0,0,0,0,0,1,0,0,0,0,0,0,0,1,1,0,0,0,0,0,0,0
875,0,1,0,0,0,0,1,0,1,0,0,0,0,0,1,0,1,0,0,0,0,0,1,0
876,1,1,0,0,0,0,1,1,1,0,0,0,1,0,1,1,1,0,0,0,1,0,0,0
877,1,1,0,0,0,0,1,1,1,0,1,0,1,0,1,0,0,0,0,0,0,0,1,1
878,0,1,0,0,0,0,1,1,1,0,1,0,0,0,1,1,1,0,0,0,1,0,1,1
879,0,1,0,0,0,0,1,0,1,0,0,0,0,0,1,1,1,0,0,0,1,0,0,0
880,1,0,0,1,0,0,1,0,1,0,0,0,1,0,1,0,1,0,1,0,1,0,1,1
881,1,1,0,0,0,0,1,1,1,1,0,0,1,0,1,1,1,0,1,0,0,0,1,1
882,0,1,0,0,0,0,1,0,1,0,0,0,0,0,1,0,1,0,0,0,1,0,0,0
883,0,1,0,0,0,0,1,1,1,0,0,0,0,0,1,1,0,0,0,0,0,0,0,1
884,0,1,0,0,0,0,0,0,1,0,0,0,1,0,1,1,1,0,1,0,0,0,0,1
885,0,1,1,0,0,0,0,0,1,0,0,0,0,1,0,1,1,0,0,0,1,0,0,0
886,1,0,0,0,0,0,0,0,1,0,0,0,0,0,1,0,1,0,0,0,0,0,0,1
887,0,1,0,0,0,0,0,1,1,0,0,0,0,0,1,0,1,0,0,0,0,0,0,0
888,0,1,0,0,0,0,0,0,1,0,0,0,0,0,1,0,0,0,0,0,0,0,0,1
889,1,1,1,0,0,0,1,0,1,0,0,0,1,0,1,1,1,0,0,0,1,1,0,1
890,0,1,0,0,0,0,1,1,0,1,0,0,0,0,1,1,1,0,0,0,1,0,1,0
891,0,1,1,0,0,0,0,0,1,0,0,0,1,0,1,0,0,0,1,0,1,1,0,0
892,1,1,0,0,0,0,1,0,0,0,0,0,1,0,1,0,1,0,0,1,0,1,1,1
893,1,1,0,0,0,0,1,1,1,1,1,0,0,0,1,1,1,0,0,0,0,0,0,1
894,1,1,0,0,0,0,1,1,1,0,1,0,1,1,0,1,1,1,1,1,1,1,1,1
895,1,1,0,0,0,0,1,0,1,0,0,0,0,0,0,1,1,0,0,0,0,0,0,1
896,0,1,0,0,1,0,1,0,1,0,1,0,1,0,1,0,1,0,0,0,0,0,0,1
897,0,1,0,0,0,0,0,0,1,0,0,0,0,0,1,0,1,0,0,0,1,0,0,1
898,0,1,0,0,1,0,1,0,1,0,1,0,1,0,1,1,1,0,0,0,1,0,0,0
899,1,1,0,0,0,0,1,0,1,0,1,0,1,0,1,0,1,0,0,0,1,0,0,1
900,1,1,0,1,1,0,1,0,1,0,1,0,1,0,1,0,1,0,1,0,1,0,0,1
901,1,0,1,1,0,1,0,1,1,0,0,0,1,0,0,0,1,0,1,0,0,1,1,1
902,1,1,0,0,0,0,1,0,1,0,0,0,1,0,0,0,1,0,0,0,1,0,0,1
903,1,1,0,0,0,0,1,1,1,0,0,0,1,0,1,0,1,1,0,0,0,0,0,1
904,0,1,0,0,0,0,0,0,0,0,0,0,0,0,1,0,1,0,1,0,1,0,0,0
905,1,1,0,0,0,0,0,1,1,0,0,0,1,0,1,1,1,0,0,0,1,0,0,1
906,1,1,0,0,0,0,1,1,1,0,1,0,1,0,1,1,1,0,0,0,0,0,0,0
907,0,1,0,0,0,0,0,0,1,0,0,0,1,0,0,1,1,0,0,0,1,0,0,1
908,0,1,0,0,0,0,0,1,1,0,0,0,0,0,0,0,0,0,1,0,0,0,0,0
909,1,1,0,0,0,0,0,1,1,0,0,0,0,0,1,0,1,0,0,0,1,0,0,1
910,0,1,0,0,0,0,1,0,1,0,0,0,1,0,1,0,1,0,0,0,0,0,0,1
911,0,1,0,0,0,0,0,0,0,0,0,0,0,0,0,0,0,0,0,0,0,0,0,1
912,0,1,0,0,0,0,0,0,1,0,0,0,0,0,0,0,0,0,0,0,0,0,0,0
913,1,1,0,0,0,0,0,1,1,0,0,0,1,0,1,1,1,0,1,0,0,0,1,1
914,0,1,0,0,0,0,0,0,1,0,0,0,0,0,1,0,1,0,0,0,0,0,0,1
915,0,1,0,0,0,0,1,0,1,0,0,0,1,0,1,1,1,1,0,0,1,0,0,1
916,1,1,1,0,0,0,1,0,1,1,0,0,0,0,1,1,1,0,0,0,1,1,0,1
917,1,1,0,0,0,0,1,0,1,0,0,0,1,0,1,0,1,0,0,0,1,0,1,1
918,0,1,0,0,0,0,1,0,1,0,0,0,0,0,1,1,1,0,1,0,0,0,0,1
919,0,1,0,0,0,0,1,1,1,0,0,0,1,0,0,0,1,0,0,0,1,0,0,1
920,1,1,0,0,0,0,1,0,1,0,1,0,1,0,1,1,1,0,1,0,1,0,0,1
921,1,1,0,0,0,0,1,0,1,0,0,0,0,0,1,0,1,0,1,0,0,0,0,1
922,0,1,0,0,0,0,0,0,1,0,0,0,1,0,0,0,0,0,0,0,1,1,0,1
923,0,1,0,0,0,0,0,0,1,0,0,0,1,1,1,1,1,0,0,0,1,1,0,1
924,0,0,0,0,0,0,1,0,0,0,0,0,1,0,1,1,1,0,1,0,1,0,0,0
