p.fit,p.df,p.outfitMSQ,p.infitMSQ,p.outfitZ,p.infitZ,person,rebl_score,prolificID
105.31959524864585,105,1.0030437642728176,1.0010178156207536,0.10234828925399804,0.04746588223322405,P1,-0.8109793931497783,546e3778fdf99b2bc7ebcff6
93.7343409222214,105,0.892708008783061,0.8876327205668804,-0.28959779434764016,-0.9349267466351876,P2,-0.9321940237361662,546ec14dfdf99b2bc7ebd032
67.69402604515477,105,0.6447050099538549,0.8272624200277912,-1.2334735304086788,-1.439228018919887,P3,-1.05638007138588,54847f1cfdf99b07b28f22f9
108.40054728485813,105,1.0323861646176966,0.9645444324471496,0.2077025648714667,-0.2649696547812939,P4,-0.8712452775536013,558823c2fdf99b318cb4224b
94.47241417878466,105,0.8997372778931872,0.9080622902730382,-0.3847943095392651,-0.8684818097354261,P5,0.15517632527381772,558a354dfdf99b2d7699abd4
85.9447394796842,105,0.8185213283779448,0.9230034727465853,-0.777109041694114,-0.7144461437776272,P6,0.21087736886329003,558abceafdf99b65685f02b1
87.41180879164526,105,0.8324934170632882,0.9579553442512815,-0.4174318443678575,-0.28093452188986845,P7,-1.2493867477861913,559c3ad8fdf99b32b55f2d32
143.95615012449636,105,1.371010953566632,0.9761228195534303,1.5287585828854,-0.19176200100351565,P8,0.2666832837092727,55b6d0a4fdf99b437183f9b5
87.15236189997691,105,0.83002249428549435,0.9243038851679929,-0.5093141261550624,-0.596508505395613,P9,-0.9938847757317496,55d7844969dbc30012b67f69
79.58019094473484,105,0.7579065804260461,0.821077009812292,-0.6762213027693337,-1.4089414797151525,P10,-1.2493867477861913,55dc915b50a1f7001190ddb4
92.24086237281095,105,0.8784844035505804,1.0443495799871219,-0.34187788122687685,0.40968066827862204,P11,0.9581939300232623,55f63fc432af740012171ef6
89.8019652035643,105,0.8552568114625171,0.9014405788517269,-0.5500429608222189,-0.9001512802292708,P12,0.49167285040205433,561bbdf9811d22000df3138a
116.9721431657088,105,1.1140204111019887,1.1175351256362942,0.5644975184822535,1.1193240881809883,P13,-0.06728209296823177,561d98e03d7fe8000b0f5e09
73.91272744264325,105,0.7039307375489833,0.8785365642715365,-1.4037108342501559,-1.1793981079891647,P14,-0.011649070287861826,56b10ae86399f9000ad8d987
138.64349163340466,105,1.3204142060324253,1.0551936859988498,1.2035264988533374,0.5179785990440016,P15,-0.6922755238717614,56c113f6eb5b22000d5baa6f
152.54272231126734,105,1.4527878315358795,1.3901756943370176,1.6440455114394328,3.162406673589262,P16,-0.6337339094560659,56c89222dfea6c000bb23762
63.904081065678724,105,0.6086102958636069,0.7720746143860894,-1.3946845887405503,-1.9554570161058062,P17,-1.05638007138588,571dfc5913b1b70009be337f
113.30808737075482,105,1.0791246416262363,1.0748849406897303,0.41083958235417267,0.7272337654040644,P18,-0.2908899365066052,5726570ef2a83f000f6aea6d
119.32510454739013,105,1.1364295671180011,1.0778805640035236,0.5685787303039135,0.6927641095693615,P19,-0.8109793931497783,5740d5f0a0a4b2000fb02e21
101.64622221617228,105,0.9680592592016407,1.003708304013149,-0.06895460460202836,0.07027643059513633,P20,-0.06728209296823177,579f1d3bc9abeb0001af52d8
154.78023513684136,105,1.4740974774937272,1.2354226551726544,1.6008233569043329,1.9370276215189577,P21,0.8386510192436508,57ad04adddc11d00015bb1c3
88.02243469295712,105,0.8383089018376868,0.9568819708526176,-0.6846367943442654,-0.38383069222542643,P22,-0.12298636548522798,57c9c13079ad9b0001e416be
102.74142589050282,105,0.9784897703857411,1.101564316726174,0.04747724027123862,0.7922765867031042,P23,-1.2493867477861913,58064d91f25c440001678a10
94.57934862830481,105,0.9007557012219506,1.014309186530628,-0.3772575718301644,0.17087462197078085,P24,-0.17879783660853266,5806ceacf0740c00017892c8
88.7675101816883,105,0.8454048588732218,0.9170672004598726,-0.5551609029801746,-0.7288106677499879,P25,-0.6337339094560659,58595b56a3149800011e156e
71.53352226280562,105,0.6812716405981487,0.7756185812858217,-1.2943142025974994,-2.1213026398714527,P26,-0.6922755238717614,58642f4de16d530001b34622
135.14073420127573,105,1.2870546114407213,1.2632778207292117,1.249508625449632,2.363252078528186,P27,-0.011649070287861826,586974bc127d7700018b0e1c
140.20017281532697,105,1.335239741098352,1.1694479177421018,1.3906878364608812,1.5566254111771713,P28,-0.2908899365066052,58cab9bfc7ed3f000116e2a4
104.86702765113986,105,0.9987335966775225,1.0844422705046588,0.09183494668955576,0.7254525256271344,P29,-0.9321940237361662,58e9538908dc910001901f6b
95.04268989156932,105,0.9051684751578031,0.9549152857324359,-0.3590231507140012,-0.4007922174949182,P30,0.15517632527381772,58eb85d75be00100013a6721
97.39959338128851,105,0.9276151750598906,1.0018235751422149,-0.10892344975088238,0.057655993080883775,P31,-1.2493867477861913,593b8bd9332be10001f4d786
72.82064499206169,105,0.6935299523053494,0.8240572855224798,-1.2908695298662127,-1.6543393975190728,P32,0.6057468585405708,595b93be7882150001240e21
143.6628593363222,105,1.3682177079649736,1.4306845655470584,1.2985971314990088,3.3150298428834337,P33,-0.8109793931497783,595fdaa1d82b180001c6e460
162.05637756224976,105,1.5433940720214263,1.1692430113250603,1.7971684055859534,1.4210571995656422,P34,-0.8109793931497783,5994ce3dc825cf0001d7dd2d
78.34817736711156,105,0.7461731177820149,0.813517942962177,-1.17011633121696,-1.8759157111346916,P35,-0.011649070287861826,59b693ff6039190001eaa934
105.62344226396802,105,1.005937545371124,1.0030759958239834,0.11119862264908877,0.06499529587913977,P36,-0.7513404875780048,59c843b646f72100019067ce
93.63220658119506,105,0.8917353007732863,0.9462625971073707,-0.3320339075789792,-0.44020928979242485,P37,-0.7513404875780048,59e833e72f63d30001c8fb86
112.33750514032776,105,1.0698810013364548,1.0296509511703833,0.32903316650720404,0.2814520529824373,P38,-0.9938847757317496,5a4c1ecaefd8df0001d34305
106.5741825725569,105,1.0149922149767323,1.043150761828318,0.1587151442299239,0.36221847261262863,P39,-1.3158205089444022,5a4ffaa9eedc32000141f271
102.24874438206193,105,0.973797565543447,1.1014538664919047,-0.018579237081399108,0.918573490985547,P40,-0.6337339094560659,5a51ba7676d1c60001aaa660
69.4819042700396,105,0.6617324216194248,0.805579369530713,-1.62246613068247,-1.9425082270161187,P41,0.21087736886329003,5a638189c0d836000107b798
82.73547732468045,105,0.7879569269017185,0.9275968264539228,-0.7914134377597398,-0.6201179079384062,P42,-0.6922755238717614,5a64417931b87a0001c6f48b
200.98377139594123,105,1.9141311561518213,1.2321446389391133,3.1278603205474313,2.0366318570223014,P43,0.43508753452990995,5a6d3a19e6cc4a0001b6c47a
55.70401427199524,105,0.53051442163805,0.6685656646789037,-2.0509739498071973,-3.2549168692048545,P44,-0.7513404875780048,5a78f57a2a842c0001fc43db
86.60619717809,105,0.824820925505619,0.8947163854879494,-0.5703508177209269,-0.8867721665877613,P45,-0.8712452775536013,5a7cb079aa46dd00016b5bfb
66.87437731345054,105,0.6368988315566718,0.7833080471308912,-1.5928059511756585,-2.093430174226722,P46,-0.575667210578438,5a80e46a2a842c0001fc913f
97.29417796663793,105,0.92661121872988506,0.9925654133607216,-0.243885496236038,-0.034732836101623664,P47,-0.3472459923157854,5ac4c721e1099600016a823b
85.86019805537273,105,0.8177161719559308,0.9472808673751949,-0.7417097330701425,-0.46590083784900904,P48,-0.4038607123648438,5ae11f9709eae20001132c22
86.1102406627161,105,0.8200975301211056,0.9190347330942291,-0.6099122066404951,-0.6783374701562277,P49,-0.8109793931497783,5ae25791af72e0000127b8f7
74.79280043248116,105,0.7123123850712492,0.8308031514959604,-1.3082837590424392,-1.6507041419739514,P50,0.3226296096206724,5aeb9cdeaa05510001ff624e
109.4848844526055,105,1.0427131852629095,1.1202307012900083,0.25184333607254905,1.0875508432256735,P51,-0.575667210578438,5af835d8e19f8c00019e6dc0
84.22848744912721,105,0.8021760709440687,0.8760032054824209,-0.7069100660877508,-1.093774949537547,P52,-0.7513404875780048,5b33a01fa8327d0001003821
70.49805598897463,105,0.6714100570378536,0.7772035103221054,-1.5341667675873305,-2.232348706465969,P53,0.3226296096206724,5b4370f330bbfd000105f991
65.81928089309763,105,0.6268502942199774,0.6580361350562562,-1.647413465434914,-3.5107629573831614,P54,-0.575667210578438,5b497448369f84000112bc43
107.01490721102375,105,1.0191895924859404,1.046983095595039,0.1596098685129998,0.47517212632923467,P55,-0.2347532324095654,5b4d39f2d4c93b00019c8217
72.63411989356497,105,0.6917535227958569,0.8444176365302701,-0.9578032324110507,-1.2335006447651349,P56,-1.184056708339598,5b54ce6fb7ef510001676f99
105.17611683124196,105,1.0016773031546853,0.9898191202893647,0.0861173323536007,-0.05979285768032902,P57,-0.4038607123648438,5b5a822e1ad8270001c4f28d
77.78567912013864,105,0.740815991620368,0.8944243689333361,-1.1559395315127448,-0.9919165015826997,P58,0.3226296096206724,5b7aefd06c1ccb000178b710
109.00906093533791,105,1.038181532717504,1.0967468625213947,0.24110689220748588,0.9272213630397386,P59,-0.2347532324095654,5b9fa85b4bca610001d791f3
67.47584801267534,105,0.6426271239302414,0.7946912114183241,-1.680213209124122,-2.046716431999496,P60,-0.3472459923157854,5ba286e8821f7600011d09f2
62.793454111708286,105,0.5980328963019836,0.7444582598641605,-2.033603730597878,-2.657652588052778,P61,-0.011649070287861826,5bc9ff771760a8000115b8f7
100.87299841620035,105,0.9606952230114318,0.9325551998443017,-0.0953963338063487,-0.618294560727414,P62,-0.2908899365066052,5bca2688526bab000199550a
154.24849814786666,105,1.4690333156939681,1.314850285361053,1.6935047577806561,2.609518676180448,P63,-0.6337339094560659,5bdc8d12b2fff7000189b6f8
76.40455666866515,105,0.7276624444634776,0.863001434393369,-0.6532197373990288,-0.961000917296819,P64,-1.5226927448446075,5be2e7e491deed00015adcb0
145.56737409308238,105,1.3863559437436417,0.7931924474745708,1.5828303291179056,-2.06832341284985,P65,0.2666832837092727,5be781ca3b047e0001a39e47
121.25718524662375,105,1.154830335682131,1.1141963401496424,0.7257264183931649,1.086057862396831,P66,-0.17879783660853266,5bf2337547415500011598f0
58.54631490377841,105,0.5575839514645563,0.7001087761411261,-2.2876220898660558,-3.1751052931841506,P67,0.09954490566258692,5bf4afe0b8e9f800014c9c0b
66.77221653790873,105,0.635925871789607,0.7600756885915156,-1.65858727552968,-2.3709372925762384,P68,0.49167285040205433,5c0676a61a20110001ea1a24
80.47620163913001,105,0.766440015610762,0.8354855367157739,-1.0368398756859276,-1.6246525022757516,P69,-0.2347532324095654,5c101f812a1a620001f04007
84.73018663988255,105,0.8069541584750719,0.9349311573852569,-0.6650133130423862,-0.5343269333596915,P70,-0.8109793931497783,5c1021a547d07800011a23de
91.57731692504758,105,0.8721649230956913,1.0308456205667678,-0.4728775636042637,0.3166660055362992,P71,0.49167285040205433,5c113ae4b7fb2f00011a6b7e
72.838184242702,105,0.6936969927876381,0.8448461418407287,-1.429336627340569,-1.5246404650694505,P72,-0.2347532324095654,5c1976c90d57c30001b4162c
74.37011701134145,105,0.7082868286794424,0.9404340446443983,-0.9285548952454048,-0.4387526068805148,P73,-1.1197468350754447,5c239f96da51990001e21d97
119.98257571285244,105,1.1426911972652614,1.1122909555717075,0.6464567201162679,1.0398832922770815,P74,-0.46077444687164715,5c28d3540091e40001ca581e
69.64908932053842,105,0.663324660195604,0.8239380446255785,-1.3477708277101774,-1.6010067102097874,P75,-0.7513404875780048,5c28feff5ffcb7000128a541
91.90221028825223,105,0.8752591456024023,0.9424770674538461,-0.44982761102071706,-0.5021548759527616,P76,-0.5180289525228117,5c2940e510677f0001dc10e9
75.73431670343112,105,0.721279206699344,0.8159126038397576,-0.8095585693311644,-1.4538794006416582,P77,-1.2493867477861913,5c2f7a01c5b00a0001f3e52f
101.78248973017416,105,0.9693570450492778,1.0614291651633951,-0.00527969629260229,0.5344570734048123,P78,-0.9938847757317496,5c3056c489f0350001766df3
79.90957064678175,105,0.76104352996935,0.9337297195198612,-0.7229449178262513,-0.49413711189687515,P79,-1.1197468350754447,5c330cefca23620001b262b1
87.03312312665236,105,0.8288868869204986,0.9291816740365108,-0.7251767220705071,-0.652792595370999,P80,0.21087736886329003,5c3399d8cb218a000176c6c6
84.26826572454563,105,0.8025549116623393,1.0010491091094291,-0.6152217435598456,0.049245592534689214,P81,-0.9938847757317496,5c44cf2da5487b00011d0b80
63.9187994112979,105,0.6087504705837895,0.7538948382019168,-1.105100343595385,-1.8850333892727056,P82,-1.4523698982850342,5c4623f40df98d0001edaec8
51.80730907947637,105,0.4934029436140607,0.6433416292307549,-2.3821358572974667,-3.6445110803322867,P83,-0.6337339094560659,5c4666ce9caf6f0001df5829
64.77609700686106,105,0.616915209589153,0.7478630459046488,-1.494441063127976,-2.3088185004520505,P84,-0.8712452775536013,5c46b35f904c420001274333
99.39197703583888,105,0.9465902574841798,0.971056537310405,-0.09925089708547405,-0.21163066443337383,P85,0.8981247835391186,5c476621b521ee00019abf67
113.76313741906786,105,1.0834584516101702,1.0075394091393262,0.41308049083593396,0.10534616353021756,P86,-0.5180289525228117,5c510d1310223b00012fa23e
73.65073441146687,105,0.701435565823494,0.8608803342633676,-1.3707102988593531,-1.34829882723171,P87,-0.2908899365066052,5c573f18d3cc6b0001d9dbc3
91.08834696601372,105,0.8675080663429878,0.935981807157216,-0.4308697967259791,-0.533775255573174,P88,-0.7513404875780048,5c5a19299404f10001ff8cbf
97.64619096489588,105,0.9299637234751988,1.0359013531736243,-0.2374622964517833,0.3725653430643914,P89,-0.2347532324095654,5c603bddfe6bce0001314d87
113.47030510543144,105,1.0806695724326802,1.182824644648026,0.4022878367921803,1.6214796751792286,P90,-0.5180289525228117,5c6b646349b7f0000120b659
128.23037426091344,105,1.2212416596277471,1.0980306470828467,0.9799723114382901,0.9387004594902422,P91,-0.2347532324095654,5c6c7ec01e50ec000147b635
128.19882000253955,105,1.220941142881329,1.198836513966277,0.9773464601853427,1.7991102500763145,P92,0.2666832837092727,5c753cfc25c76b00017068ab
134.45933253212567,105,1.2805650717345303,1.3061172698177048,1.1331609907972955,2.6000936625836073,P93,-0.5180289525228117,5c7560f14f23e50016135028
57.134719822905666,105,0.5441401887895778,0.7212870207576672,-1.3558863189921366,-2.171225658553502,P94,-1.4523698982850342,5c797d0cb5254b001690625d
94.92973812912793,105,0.9040927440869326,0.9532336118416042,-0.3667362608560957,-0.4203915052687139,P95,-0.06728209296823177,5c82acc04fd379001524a6ae
92.71898498256442,105,0.8830379522148992,0.9693130753906115,-0.46781736156681974,-0.26224059699008273,P96,-0.06728209296823177,5c8541b79c5a3000016b2597
104.0397282247266,105,0.9908545545212057,1.0563012416878335,0.03755061453236245,0.5540769163957011,P97,0.3226296096206724,5c85ad4d4755b0000104319a
61.370162063359864,105,0.5844777339367606,0.7189076311162321,-1.9887335205603773,-2.8559893696884235,P98,0.43508753452990995,5c8eb16ed169ac0001c27629
67.475154818947,105,0.6426205220852096,0.8114640691610178,-1.1992777208358305,-1.5543052331484697,P99,-1.1197468350754447,5c8ec999bb6a3c00014acf5f
74.43208355879348,105,0.7088769862742236,0.8111088559803399,-1.2917381193535702,-1.853995257430486,P100,-0.4038607123648438,5c926d2a0ae1ea00156f71a0
144.7906992256006,105,1.3789590402438152,1.2980522350629347,1.24114980515801,2.2758081473240885,P101,-0.9938847757317496,5caa4435fd086000196ddf13
83.72361828487239,105,0.7973677931892609,0.8626351473043231,-0.8078840336614206,-1.2871595674088003,P102,-0.5180289525228117,5caec6b270da3100017f35de
166.39431131573846,105,1.5847077268165568,1.0661074865609717,2.289706418237711,0.652768016262364,P103,0.09954490566258692,5cbe7fdb82218d00172aa4f3
102.41353496025114,105,0.9753669996214395,1.0676671915789377,0.02627610819964421,0.5657948362598927,P104,-1.1197468350754447,5cdae588cc071e001a1cbbf0
100.51356916565487,105,0.9572720872919511,0.9944001022136015,-0.11063265131984933,-0.01791461259152597,P105,-0.2908899365066052,5cea6a19be3e050016bf85f2
68.77016484816441,105,0.6549539509348992,0.7746852388340207,-1.528173395291926,-2.2101528780457813,P106,-0.5180289525228117,5cf5134c8f8ff80019e76721
85.47937718670505,105,0.8140893065400481,0.8338976892579485,-0.712184334832317,-1.563989381187488,P107,-0.575667210578438,5d072cb1ffd6f0000150a7a3
104.74020225158083,105,0.9975257357293412,0.997402970050251,0.10460322915626703,0.023989605188544236,P108,-1.2493867477861913,5d100e740277ff00152f7562
85.44389024134692,105,0.8137513356318754,0.9289027376292491,-0.6569373042028295,-0.5986012318534447,P109,-0.7513404875780048,5d13e3e6e51708001a43fa66
90.87272340046275,105,0.8654545085758357,1.0006233036596015,-0.5336247039920177,0.04110592120058377,P110,-0.2908899365066052,5d18ca519bd071001aaaa932
76.12659615967463,105,0.7250152015207108,0.8696356825772255,-1.2571442589708386,-1.263300455946099,P111,-0.2347532324095654,5d1a7bb2339da6001a12b11a
75.0779658322031,105,0.7150282460209819,0.8703984544246536,-1.1866435321871545,-1.1951566957687607,P112,-0.575667210578438,5d215a1bbf7f840019701939
107.11779751496248,105,1.0201695001424997,1.0108833222177507,0.16347367028834864,0.13518651507287097,P113,-0.575667210578438,5d295e07d3edf9001a801625
90.19123075973843,105,0.8589641024736994,0.8988859477085608,-0.27425132916405925,-0.703772195372576,P114,-1.4523698982850342,5d3cbeefbaf11000011eda09
86.0294933770975,105,0.8193285083533095,0.8931362822197425,-0.613119903220646,-0.9165589026818014,P115,-0.8109793931497783,5d45c2d1da9cb60015aa4312
85.58924477317011,105,0.815135664506382,0.9312263264873605,-0.5664186106672261,-0.536826522752626,P116,-0.9938847757317496,5d5067b25371ae00191f69c4
100.42419803717968,105,0.9564209336874255,1.0143585419486116,-0.06378873056024903,0.1604879545654505,P117,-0.8712452775536013,5d5337be36ced4000188f336
88.5236385435999,105,0.8430822718438086,0.9295457691759706,-0.6559050869027667,-0.6541304110327769,P118,-0.17879783660853266,5d54b73f1c1de70015d50959
214.60089387945624,105,2.043818036947202,1.3057381028343817,3.4306882324675665,2.621363663558086,P119,-0.46077444687164715,5d5a2bd93296320016eee507
153.42508755251433,105,1.461191310023946,1.1192904282247367,1.8753456888014945,1.1349307398813469,P120,-0.06728209296823177,5d5d431608a4b10016285091
92.44652873387963,105,0.8804431307988536,1.1146746796057174,-0.16114398923544346,0.7919420097163441,P121,-1.6680304084159971,5d61d22047787f000175cf6a
79.10746082619666,105,0.7534043888209205,0.9146745381324336,-0.7816748127823948,-0.6666372136543722,P122,-1.05638007138588,5d6513f46f5284000118ef1d
81.234107755477993,105,0.7736581690997905,0.9421108766299903,-1.0158623238628222,-0.5301431963613017,P123,-0.12298636548522798,5d65515bd08d610001eb40a6
90.64690082541281,105,0.8633038173848839,0.958528026654746,-0.5131923337318937,-0.34988469770132824,P124,0.49167285040205433,5d75af57bcfd5b001b192708
109.73341839029064,105,1.0450801751456251,1.06429971516536,0.27205450970304806,0.6344563346466967,P125,0.15517632527381772,5d86d05f9854a60019240621
77.69850982804844,105,0.7399858078861756,0.8495417402451458,-1.20032405437522,-1.4806322872707731,P126,0.09954490566258692,5d89106d1719af0001ee23e5
96.90852305688138,105,0.9229383148274417,0.9884796799801602,-0.27541844370603424,-0.07507805867125947,P127,0.15517632527381772,5d8998025e8a740001d6e2f1
115.39521681609254,105,1.099002064915167,1.1311554652522162,0.42194352835611254,1.0723988460505383,P128,-0.9938847757317496,5d8aa95dd06260000179442b
107.45191180633,105,1.0233515410126668,1.182048116800312,0.1913334483992723,1.2292427117648952,P129,-1.5945360289714237,5d8e46b78133dc00142ef00b
110.23533008418507,105,1.0498602865160482,0.9440075971989415,0.2562908483638242,-0.37186189856861873,P130,-1.3834485764764923,5d9fd0c78ff0b000127e7aa2
72.7964092701149,105,0.6932991359058562,0.8210968105653815,-1.3928396753205363,-1.7423653433929525,P131,0.37875221013704696,5da497568034e40011366267
87.32707879774117,105,0.8316864647403921,0.9230102139824726,-0.6864425446336747,-0.708648247463798,P132,-0.3472459923157854,5dabc4c317ce000014de326e
86.32276215626342,105,0.8221215443453659,0.9025029884435535,-0.5793885638564896,-0.8255328781245633,P133,0.8981247835391186,5daf506a5bd1b30013605e31
75.69846448942388,105,0.7209377570421323,0.8883936034370611,-0.5727263094194216,-0.7109163802306073,P134,-1.743319909620251,5db48b4d14dab8000de45fdf
95.23851060715721,105,0.9070334343538782,1.0217525420827207,-0.2243208582004329,0.21776248811746043,P135,-0.9938847757317496,5dbacecee2fafc0e38007428
114.8707932439091,105,1.0940075547038963,1.0218114432938208,0.4482709744499771,0.23336589538022956,P136,-0.575667210578438,5dbe5d44aab19f35c5459b57
79.41207631956125,105,0.7563054887577262,0.914841272309361,-1.0596103152494676,-0.7816109929687766,P137,0.37875221013704696,5dc091fa9be08f03fb01a816
89.69240351895284,105,0.85421336684717,0.9811513982306524,-0.5936839388489766,-0.14363061109348066,P138,0.2666832837092727,5dc4a52b655ad2371b62dfd1
70.99648831044894,105,0.6761570315280852,0.8668241049516351,-1.0588246297579766,-1.0619520397062454,P139,-1.1197468350754447,5dc88a6643755e5f227e0488
137.79169719043506,105,1.3123018780041433,1.2720077563809566,1.006955651405249,2.085326760815299,P140,1.1425193056612775,5dcec32a367c6d000a4282c2
78.02615814646158,105,0.7431062680615389,0.8513490092031194,-1.0194094170007937,-1.363565028264894,P141,0.6633150208842701,5dceca2541afe801a32e27ac
205.01850068541074,105,1.9525571493848641,1.0373413001337066,2.755675215029247,0.3550538862867533,P142,0.8981247835391186,5dced33fc944d1018c53c520
76.35782493369311,105,0.7272173803208868,0.8489193403094156,-1.270193613697406,-1.487259932924298,P143,0.09954490566258692,5dd06a074ad3e2149c884661
61.400010582194064,105,0.5847620055447054,0.7211470236508001,-1.9870235516768116,-2.830193132832295,P144,0.43508753452990995,5dd3217aeab04233748a4263
149.4671776801564,105,1.4234969302872038,1.1809229611241931,1.2275179106546712,1.3456798063620599,P145,-1.2493867477861913,5dd37881523df036fecff14d
102.943228136968,105,0.9804116965425524,0.9489617306317804,-0.006367639957275503,-0.45336956850958715,P146,-0.3472459923157854,5dd446ab87c1fd43fbb49aa1
123.5373793022902,105,1.176546469545621,1.0385219386248545,0.6093176796381516,0.33339147652851453,P147,-1.2493867477861913,5dd4c2f2390fb648f7baf4d2
88.16988833032586,105,0.8397132221935796,0.9082923035293974,-0.6725704834257568,-0.8688013987448855,P148,-0.17879783660853266,5dd6abfb428d61634c13c32c
111.50964409382871,105,1.0619966104174163,1.0271817087529211,0.33999583512531656,0.2902700280571214,P149,-0.2908899365066052,5dd6d370194e486498e13ab6
87.5485633577152,105,0.8337958415020494,0.914239168577642,-0.5892723636187469,-0.7451699048950181,P150,-0.6922755238717614,5dd85584e2dcbd80078ad6a3
128.8680996262841,105,1.2273152345360392,1.1650309156674687,1.0189636190065534,1.5359888906494592,P151,-0.06728209296823177,5ddae85b393bd3a44d7cbaaa
56.499179130541,105,0.5380874202908666,0.7026903092043025,-1.207727869337903,-2.1854938894629252,P152,-1.6680304084159971,5de33dabc22a30362e4450a5
90.83370393973773,105,0.8650828946641689,0.9730156376822796,-0.5424472009472817,-0.2240101106541044,P153,-0.2347532324095654,5de5538f8fde1c4dbc951498
82.14976369057568,105,0.7823787018150065,0.8627827185772524,-0.9616929692290876,-1.3303356095925116,P154,0.21087736886329003,5de7f88b762dc2775b2265b8
124.48898515153725,105,1.1856093823955929,1.0230093780409864,0.7030758142602067,0.23045448489558465,P155,-0.9321940237361662,5de83f3b3aa615000a41f831
99.56983707850225,105,0.9482841626524023,0.9075840021382541,-0.16010269917311404,-0.8782914837009029,P156,0.04394813951349551,5de980f63d36b20b9068cfed
96.45575030645288,105,0.9186261933947893,0.9471550378172401,-0.28892020441130584,-0.4722983912916225,P157,0.2666832837092727,5dea96a5770a431bbed1efb2
229.02276773024607,105,2.181169216478534,1.3429591605314655,3.3363761268666186,2.7241701684012414,P158,0.8386510192436508,5deaa726df55eb1cc1b9474f
110.66730650924288,105,1.053974347707075,1.1342613681359863,0.28498373616974104,1.146843300664966,P159,-0.8109793931497783,5ded9996838b4f45b83bb3f9
137.20865994907024,105,1.3067491423720976,1.2383091211605315,1.0656131588039714,1.8881570047740437,P160,-0.9321940237361662,5dedf76558776a4a4a845c68
92.04000731352868,105,0.8765714982240826,0.8678443507007607,-0.4987746799169206,-1.2871667229404842,P161,0.09954490566258692,5df7b79c6887bc562a3022c6
85.8270246846204,105,0.8174002350916229,0.8749072282184089,-0.7670330073440904,-1.2023313152457522,P162,-0.2908899365066052,5dfe3e8b7adf4bade99190f0
78.18217693613961,105,0.7445921612965677,0.8512795716348462,-1.0639583512889406,-1.4026926867393215,P163,-0.5180289525228117,5e06389719232d022f392c9a
95.19878101547266,105,0.9066550572902158,0.9224690072317107,-0.33314701998759944,-0.7063800118163432,P164,0.37875221013704696,5e12b8f31e2e589287ce63ae
110.52788613495147,105,1.0526465346185854,1.1758575138253264,0.29279660583837935,1.5641875404501047,P165,-0.5180289525228117,5e14c66ffa3d10ad0f173dc8
116.30176217838998,105,1.1076358302703808,1.1882245440293453,0.49942318299313737,1.6488300932636646,P166,-0.575667210578438,5e14ee60b63853b11dc2b3f6
113.13450806294081,105,1.077471505361341,1.1218345373342056,0.3221640367067207,0.8530548891514022,P167,-1.5945360289714237,5e1a7114a90da52e206de7ea
100.53096500174767,105,0.9574377619214064,0.9633430424376679,-0.10989440073182409,-0.31619904831383794,P168,-0.2908899365066052,5e1e935be3c7191e0519b486
141.15171698997935,105,1.344302066571232,1.1843225642321626,0.9851342533088274,1.3184891177082685,P169,-1.3834485764764923,5e1f662de37cd92970aa3d9a
92.62918782855756,105,0.8821827412243577,1.0033800653107927,-0.26905463042434213,0.06914906733939485,P170,-1.184056708339598,5e219bdeadb5b7489d3529be
102.39561856945386,105,0.975196367328132,0.9252263321516976,-0.013000995370556073,-0.6514558780107962,P171,-0.6337339094560659,5e230311699ac45b327786dc
113.61743995335041,105,1.0820708566985753,1.0808575830823466,0.42756800413170004,0.7820049439789097,P172,0.21087736886329003,5e2360162828c461a8000585
84.31509805055123,105,0.8030009338147736,0.8357411004731401,-0.6366813454887248,-1.413068214665108,P173,-0.9321940237361662,5e27fb1a28b7b6a0715e6991
69.87414757972208,105,0.6654680721878293,0.7863384154257851,-1.6212771805653083,-2.1780627833290804,P174,-0.06728209296823177,5e2861fb5c6297029148b635
94.50658360230558,105,0.9000627009743388,0.9323432554907214,-0.3205193334408085,-0.5843525105659397,P175,-0.6337339094560659,5e2b74daae56b71b9d24d89b
65.60107940352628,105,0.6247721847954885,0.7700738402381078,-1.5414003260571487,-2.1487841201992137,P176,-0.7513404875780048,5e2c7806bb1a6e000cf7f2e8
75.82185604076844,105,0.7221129146739851,0.7922993065107768,-1.2983543738295054,-2.104255045754375,P177,0.09954490566258692,5e2cb9b8e97bec2e4cd80874
79.16203152159873,105,0.7539241097295117,0.8674062113461717,-1.1206278643058996,-1.2945465110680132,P178,-0.12298636548522798,5e2e7d79acf5fe45b62f859a
96.89341862447542,105,0.922794463090242,0.9129174046698599,-0.2696958450002486,-0.8113466254037907,P179,0.2666832837092727,5e36efb122d9f6672e1867c2
70.49231187564048,105,0.671355351196576,0.8520408048894837,-0.9586939431785382,-1.119179920933366,P180,-1.3158205089444022,5e3cc28a194a520c0c128f13
66.33822416885954,105,0.6317926111319956,0.7797961146907747,-1.785585417918578,-2.2356583611590346,P181,-0.2347532324095654,5e3dbf3d216cf7000cfa0d29
414.65143858311035,105,3.949061319839146,2.0427049432684683,6.892243721383998,7.247273246515361,P182,0.6633150208842701,5e3f4c676d06fc1b240e6021
73.27394683631117,105,0.697847112726773,0.771855831345775,-1.2438504506289763,-2.1896571064929486,P183,-0.6337339094560659,5e415a5f9dd805382f0b6af9
127.53961363464919,105,1.214662986996659,1.0130482930008755,0.5846609957826399,0.13458295901614856,P184,-1.8999353917055886,5e45ebd018bf820d2cb9ebab
141.1994678393779,105,1.3447568365655036,1.2596046295563497,1.4561444544829591,2.330476920510381,P185,-0.12298636548522798,5e5553e6bcdb1e55a43c78f7
126.23345343652998,105,1.2022233660621904,1.0376413851297281,0.9208028916120158,0.3909622000942218,P186,-0.06728209296823177,5e5b1f34634c7231001c549f
156.61008389741312,105,1.4915246085467917,1.2469668618998877,1.794627242701477,2.1167408859649344,P187,-0.575667210578438,5e5c88c3be924d475ff0fc34
77.26242902570523,105,0.7358326573876689,0.7771738286894481,-1.2229615137134837,-2.274030191873147,P188,0.09954490566258692,5e5e5b2488479216d9171d1b
208.62457809980958,105,1.9869007438077102,1.5735755522841002,3.228498525531956,4.5285421362776335,P189,-0.5180289525228117,5e7129105f07e2038154621a
88.18575407581204,105,0.8398643245315432,0.9232370794572439,-0.5281414353584551,-0.6401066869588161,P190,-0.8109793931497783,5e7227c4e9253c1509f76f96
70.58754413628343,105,0.6722623251074612,0.7996906751866159,-1.4306294467566647,-1.924762380210776,P191,0.5485462582674187,5e76c87c0fd39b22d52eba04
178.54513752432567,105,1.700429881184054,1.3707912082979135,2.3135763782133156,2.984596457028179,P192,-0.6922755238717614,5e89fdffad009e010e958ee7
180.084287487805,105,1.7150884522648095,1.189063950430558,1.568183229868707,1.3257748143996253,P193,1.676642295562148,5e8b32ec2c33ae7f20a0b401
66.41559393354125,105,0.6325294660337262,0.7666754926384581,-1.0172822541796542,-1.7751121357167086,P194,-1.4523698982850342,5e929bd3080e070d20e394b3
89.21714243755952,105,0.8496870708339002,0.9038505796679984,-0.5511267081133552,-0.8660804763508174,P195,-0.575667210578438,5e935de580280569a374fa97
86.75312001067277,105,0.8262201905778359,0.904144025055225,-0.744313091332968,-0.908316703110446,P196,0.15517632527381772,5e9fc65dee2ccf178f0e413f
90.50405903185116,105,0.8619434193509634,0.9248372140070213,-0.509488492302792,-0.6716577850466372,P197,-0.5180289525228117,5ea45eb9abef8a07bcced2bc
88.228581409361,105,0.8402722038986762,0.9472681629537854,-0.677664229911937,-0.4777678476431778,P198,0.09954490566258692,5ea77308e86bd115c818be65
83.86568628805286,105,0.7987208217909796,0.9423400998080774,-0.8687809991326821,-0.5194805466520409,P199,0.2666832837092727,5eb074c7e612c1129942044c
113.94686680471737,105,1.0852082552830227,1.0107188596370795,0.4445466281190216,0.1370437433807139,P200,0.04394813951349551,5eb313d87a289b0f847a7752
148.8459496014532,105,1.4175804723947925,1.0993874249651923,1.312081375453846,0.8169878325040032,P201,-1.05638007138588,5eb4a91af2291f30f6b73c9c
92.02383028391088,105,0.8764174312753418,0.9077784301204942,-0.4446666153683066,-0.8376396838033351,P202,-0.5180289525228117,5ebc70e8d7a1780bedd1514e
85.301481304424,105,0.8123950600421334,0.9516530425658561,-0.8093779948157812,-0.43427989162961644,P203,-0.17879783660853266,5ebe015ae70ab70008895dbd
99.05997399352988,105,0.9434283237479036,0.9857229733512544,-0.1535154657031687,-0.09536448153139532,P204,-0.5180289525228117,5ecbe5e254cc883c02f52be8
76.71010124577678,105,0.7305723928169218,0.8776733823051247,-0.9047463757085047,-1.0065104878395756,P205,-0.9938847757317496,5ed427e3bcd0c00b58a177c0
102.56909290971932,105,0.9768485039020888,0.9950077836888314,-0.013445729426132619,-0.009586110916929166,P206,-0.5180289525228117,5ed7b5af65b9ae09f16de102
83.4755668529786,105,0.7950053985997962,0.9379712424250787,-0.780661803711696,-0.5315292802178216,P207,-0.6337339094560659,5ed9c285b8c16356b385a97f
90.33892013333353,105,0.8603706679365098,0.9935971613606532,-0.5784523132941717,-0.026674446914501188,P208,-0.06728209296823177,5eda93dcca52056b992dc4e7
95.7685142560484,105,0.912081088152842,1.0221907598018642,-0.3084860726494601,0.2410793860556958,P209,0.37875221013704696,5ee264fd75927e71d7a6bd5c
74.72730320865254,105,0.7116886019871671,0.850008403635078,-1.3398463608093967,-1.4646401053166316,P210,0.21087736886329003,5ee2e7bf21501a83d55642cd
125.0322134615696,105,1.1907829853482819,1.0126408353853424,0.8265871344365168,0.15262250683410902,P211,-0.46077444687164715,5ee94f66395da52f305b3ca7
107.33872360369026,105,1.0222735581303835,1.0743922189650799,0.1720808084602121,0.7089416511062514,P212,-0.46077444687164715,5eea591930ca5f0ddaa75a7f
82.9387655016042,105,0.7898930047771828,0.9153427414884562,-0.8920093476660627,-0.7849855705433542,P213,-0.3472459923157854,5eeaa065c7acf61c4322f6d9
68.17508653126991,105,0.6492865383930467,0.8160776754337146,-1.2971730427156525,-1.599420560655748,P214,-0.9321940237361662,5ef035131f1b2a546b44c391
106.2933681424465,105,1.0123177918328237,1.0135013710430287,0.1339745832826316,0.15672313845514455,P215,-0.6922755238717614,5ef4d8b87faaa00c0dea0c4e
78.31285601874366,105,0.7458367239880348,0.8818877086598119,-1.145391920984874,-1.1359666412659213,P216,-0.2347532324095654,5ef623ae56fe360c6f3066ee
101.66377023007115,105,0.9682263831435348,0.9022538689372624,-0.03619550409355678,-0.85841514627505,P217,-0.6922755238717614,5ef937f1ca998b000ca8c947
180.99603150093137,105,1.7237717285802987,1.3955726718990586,2.558581333712886,3.302827067597938,P218,-0.46077444687164715,5efcf906346ca111efac889f
96.52136064040472,105,0.9192510537181402,0.9872462515318707,-0.2868193810849712,-0.08680793295887677,P219,-0.2347532324095654,5f03579ef3d5b3546f323d47
86.03470925117828,105,0.8193781833445551,0.9334056440760605,-0.7727995588956552,-0.6107978574982883,P220,0.21087736886329003,5f0a696a9ccc30348351e7a5
89.83848015218834,105,0.8556045728779842,0.9415918204951153,-0.5504604636283748,-0.5161935258787782,P221,-0.46077444687164715,5f0fd43f114b6a07e3c05d1b
82.75405190602164,105,0.7881338276763966,0.8342277655725044,-0.8861191887176969,-1.607918180228605,P222,-0.4038607123648438,5f11f98efbaf2b0ef855ec6b
82.7280559160293,105,0.7878862468193267,0.7736670595448117,-0.9451527002865905,-2.3137057358609376,P223,0.09954490566258692,5f1230c4f57b2f06e2465477
97.54654952990958,105,0.9290147574277103,0.9895401750159013,-0.2498628715929304,-0.0657617017451905,P224,-0.011649070287861826,5f15ba922eed6a21fe83e78a
75.04619626057254,105,0.7147256786721194,0.8474409322285991,-1.2101827856754668,-1.4298288103320342,P225,0.5485462582674187,5f24b026893f470bf40a5396
88.6627850743375,105,0.8444074768984524,1.0105133219262228,-0.4547797358206952,0.12656564263991765,P226,-0.9938847757317496,5f2732c17f64f043dd83bdbb
64.78865378032968,105,0.6170347979079017,0.7740386430283609,-1.622970673962809,-2.137898757015525,P227,-0.6922755238717614,5f2afd90fcefd547f0ee556f
101.51155633673018,105,0.9667767270164779,0.9279826082120658,-0.04665843012515275,-0.6254270743301403,P228,-0.6337339094560659,5f2f4ff00f10d533f6f57cc7
55.587532391140364,105,0.529405070391813,0.6812678117185329,-2.429820252681865,-3.3921889463438717,P229,-0.2347532324095654,5f402da30ce123154d1f3f84
91.86480858124276,105,0.8749029388689786,0.9646488011580501,-0.4514156835599749,-0.2920783282546392,P230,-0.5180289525228117,5f456942485340144549178e
81.55706870405805,105,0.7767339876576957,0.9112457307497951,-0.9996942481906637,-0.8408833976643482,P231,-0.12298636548522798,5f47e6376aa63923f3804e3b
76.83909828638346,105,0.7318009360607949,0.8694091888367323,-0.5744451601818216,-0.8684205005407962,P232,-1.6680304084159971,5f4813c94e8b081877fb26a6
97.9527911297499,105,0.9328837250452371,0.8829994999375166,-0.19839513073976922,-1.0824840307115617,P233,-0.5180289525228117,5f4a7a00dc1bde60ab8f7ac5
71.45186676390492,105,0.6804939691800468,0.8549656902892877,-1.117586522223061,-1.2114424038765417,P234,-0.9938847757317496,5f4fcb976cfa740cf9609522
125.95304205222037,105,1.1995527814497178,1.2166337855489147,0.8468252231097141,1.8963500296270248,P235,-0.5180289525228117,5f500550ad48ba16ff920279
80.32164900904725,105,0.76496808580045,0.7611776954919451,-0.8186972398529968,-2.17258895437826,P236,-0.8712452775536013,5f50928b5d41a420553ff777
97.58675066635097,105,0.9293976253938188,1.0892100644082783,-0.12439512837765744,0.7278508782332611,P237,-1.1197468350754447,5f6bd56284bbfa14e89717d1
80.40977799597921,105,0.7658074094855163,0.9489192653481106,-0.561919213650256,-0.3258450695191773,P238,-1.4523698982850342,5f77c6a1a110ce346dc016ec
102.65926825336601,105,0.9777073166987239,1.0398492136230497,-0.009888704904701381,0.39734029469854193,P239,-0.5180289525228117,5f7e6263ca4a5513c572a5be
117.34637685438122,105,1.1175845414702974,1.1258720387203265,0.571465549082525,1.1854760625689778,P240,-0.2347532324095654,5f8bad1242efeb2f49156f51
135.1899975160035,105,1.2875237858667,1.1306194707259063,1.054531242558561,1.117972793432663,P241,-0.8109793931497783,5f919a881f37510203a7a638
76.85496803436837,105,0.731952076517794,0.824060894468559,-1.2309503677910711,-1.7541434445257464,P242,-0.17879783660853266,5f92002ccc33eb0ff3d749c5
60.2399885564957,105,0.5737141767285305,0.7291546987466866,-2.1605003236999063,-2.827255628529147,P243,-0.17879783660853266,5f9b1a626eb6cf2edd8ce633
130.16492591401558,105,1.2396659610858627,1.1230759048207424,1.0575179524712277,1.1647234374815496,P244,-0.17879783660853266,5f9f851d2e1eb45e7fa4bdb5
98.99922856289776,105,0.9428497958371215,1.059650029418209,-0.18130697499249399,0.5934124198689563,P245,-0.17879783660853266,5fb5d0347bcf111b3f1e7720
109.85417604003239,105,1.0462302480003085,0.8282873630199961,0.27700126435622685,-1.7032888090213714,P246,0.15517632527381772,5fbd1b3f7610c105872121e6
80.03824733892436,105,0.7622690222754701,0.8580981654762164,-0.9552564616871713,-1.3182764121929544,P247,-0.575667210578438,5fc27b5a13285c0008cc71ab
96.55374126403126,105,0.9195594406098215,0.9547106577401449,-0.17950946862414974,-0.336532766858722,P248,-0.9938847757317496,5fc30c35704ddd267cc9123f
70.56643723349795,105,0.6720613069856948,0.8081924241976775,-1.4904907470819093,-1.8853684045823613,P249,-0.4038607123648438,5fc50bb38378c80ac88354ef
121.3144164262819,105,1.1553753945360181,1.0679740625169307,0.6431193472574872,0.6192678749888375,P250,-0.7513404875780048,5fca054298bccf24d97f2530
77.01900309330294,105,0.7335143151743138,0.866532787833203,-1.1192351760147605,-1.2477382898976372,P251,-0.5180289525228117,5fcaa3f3d991a9748f8b9e1c
88.51057313078343,105,0.8429578393407946,0.9253586255856027,-0.6417897175634675,-0.6898644691180061,P252,-0.2908899365066052,5fcaf45432c262806989840d
231.51735599447545,105,2.2049271999473854,1.037290003553476,3.056755589649675,0.34486740710448294,P253,1.0803330354694616,5fd0ceb0bb24d90009e6fc4f
101.58466272296103,105,0.9674729783139145,1.0518622542207408,-0.048296458845676404,0.49978583009586686,P254,-0.575667210578438,5fd63cb585f88c4eb1933661
79.76458043591609,105,0.7596626708182485,0.9212276669602003,-0.9168263027080769,-0.6788104075787363,P255,0.7212925412477796,5fdeb821bbdf7f6a1815d08f
82.51023686145389,105,0.7858117796328942,0.8992193025598386,-0.9566840356045389,-0.9650507522581909,P256,-0.06728209296823177,5fe60e02c64c9641da0fa5cb
104.58965531292708,105,0.9960919553612103,1.0039227741793075,0.06576214448806404,0.07227493664326168,P257,-0.5180289525228117,5ffe6b8b773ec452c1d28adc
64.55400280328689,105,0.6148000266979704,0.7741784427267787,-1.500661744061083,-2.0640102630043518,P258,0.8981247835391186,60002c38af716201edc1763d
113.9193452310243,105,1.0849461450573743,0.9995494930933121,0.43956712188393027,0.03088517700549554,P259,0.21087736886329003,600b6a6e08c6ec135024ce32
150.83366215610044,105,1.4365110681533375,1.2272285590831729,1.7894974380827096,2.0648422007041933,P260,-0.06728209296823177,6010f9387969064a53ea6b69
76.95176982478007,105,0.7328739983312388,0.8380591995358502,-0.669188847804987,-1.1826188389253907,P261,-1.4523698982850342,601636f7e8edb47a4e205797
119.96202360143891,105,1.1424954628708468,1.0382867341054087,0.5680988634006218,0.35536478779418257,P262,-0.9321940237361662,60171c9b1a726593103182b3
182.68070866565864,105,1.7398162730062727,0.9709491292568522,2.1987562954332263,-0.2092199619157334,P263,0.9581939300232623,601736d3f57edd250d376de9
81.76047260962274,105,0.7786711677106928,0.7833079501672154,-0.7607259719281989,-1.949634429295331,P264,-0.8712452775536013,6018716ed4f78810e4763ecb
97.72619469914481,105,0.9307256638013792,1.0417473255470138,-0.15886739794911242,0.3885008021899645,P265,-0.8712452775536013,60199dc499b0a7105341be00
101.34436409401921,105,0.9651844199430402,0.9816838988323375,-0.06950038691142038,-0.13654612891560963,P266,-0.4038607123648438,601b75077aa0425330b81e36
109.91851221020215,105,1.0468429734304967,1.1413748400396568,0.27963527156857054,1.3219880687069019,P267,0.15517632527381772,601db810eadd2f1b715a986a
67.43373396515554,105,0.642226037763386,0.6899469220624249,-1.7510024422771244,-3.30565956604951,P268,-0.12298636548522798,601dc4afec317f1e601e72c0
172.2431770771948,105,1.640411210258998,1.2785894969795777,2.4714785709653753,2.4882376200932996,P269,-0.06728209296823177,6026aaab6d051201e5e6adbc
100.14343780248751,105,0.9537470266903573,1.1639099777639799,-0.03604047795009975,1.2515350800606224,P270,-1.184056708339598,60306cf6330619ee41fa3cd2
79.84394792944,105,0.7604185517089525,0.9126188505034674,-1.0901682468349918,-0.8250839837321557,P271,0.09954490566258692,603946e20f5acf054a4d8173
119.49429726799424,105,1.1380409263618498,1.2047420499633354,0.5922902907686382,1.7387825229361071,P272,0.7212925412477796,6039b3699649cf4b48cd3d12
85.53270600410181,105,0.8145972000390649,0.8925255596154189,-0.6328991418169329,-0.9222317521823955,P273,-0.8109793931497783,6051536b3e81428095504b35
80.01917038376097,105,0.7620873369881996,0.8177617150715628,-1.0820362086773092,-1.8293182219162492,P274,-0.06728209296823177,605af78a9a9e0147b5700d32
77.18550683395162,105,0.7351000650852535,0.8193903903687562,-0.6618380654257914,-1.3342169677330777,P275,-1.4523698982850342,605b8cf6c07b6842b5cab429
73.33338651365871,105,0.6984132048919877,0.8627483536566982,-0.8584077392885141,-1.0306230587118306,P276,-1.3158205089444022,60632b562ed6028c6bb905a6
107.15096182341287,105,1.0204853506991702,0.9917769564922985,0.1647947021330458,-0.03687160240800578,P277,-0.6337339094560659,60674e08ad872b4cd378a9df
91.9747836154975,105,0.8759503201475952,1.0376960705278238,-0.48245312168094784,0.384803967033208,P278,0.3226296096206724,60750163b9a82e46f7734e37
90.66195008310717,105,0.8634471436486397,0.9620608212689647,-0.5550931266465583,-0.3292003517354516,P279,0.21087736886329003,6080506f48d21d24010d64aa
65.64462703756368,105,0.6251869241672732,0.7589959460139412,-1.5392754956950667,-2.2645861734847124,P280,-0.7513404875780048,60885dc6571926117732b41e
91.42293356036569,105,0.8706946053368161,0.8655042903579101,-0.47021036318928583,-1.2581291561269938,P281,-0.5180289525228117,608ca27f0fc273d395eb58bd
117.25855977050325,105,1.1167481882905073,1.0924960269681574,0.5523066619958781,0.8668578301810022,P282,0.43508753452990995,608f2aa883599160c8b87a79
137.6116184189352,105,1.310586842085097,1.179561269340482,1.0264767732366065,1.4439559107258624,P283,1.0803330354694616,6095ed23bec8c0d7681c5d28
173.61047862966922,105,1.6534331298063736,1.293111179365248,2.503542107865783,2.602969523284528,P284,-0.12298636548522798,60a0f0a3304a7c10be7332d2
106.71847042169989,105,1.0163663849685705,1.0669545245356065,0.1473516782073247,0.6617231510056821,P285,-0.12298636548522798,60a2743299a0c895f50925f4
85.46351387991857,105,0.8139382274277959,0.9271725111877828,-0.759956095146489,-0.662113564307818,P286,-0.4038607123648438,60a2b9a6ad671cebb06f2b0d
92.98386247838947,105,0.8855605950322807,0.8887014134156332,-0.4313755210146799,-1.0535887826111134,P287,-0.3472459923157854,60a2dd0e1d378ad4d982dae3
71.77857931697064,105,0.6836055173044823,0.8213497959422252,-1.4693096047090206,-1.7683872359144828,P288,-0.2908899365066052,60a7c4434b322876925afaa3
100.2594048354433,105,0.9548514746232696,0.966170994039777,-0.10527230759050506,-0.2777741846894365,P289,-0.5180289525228117,60b4f4b34e71c30513ecc1f5
87.72843641180084,105,0.8355089182076271,0.9181603325326196,-0.6977409809514784,-0.7663459197216089,P290,0.15517632527381772,60bae1ebe45be85442acce84
80.65944792105931,105,0.768185218295803,0.8612618561261367,-0.9988759036154726,-1.3222165320948414,P291,0.37875221013704696,60bc8860d04f4ac80d319a5c
129.03810635033716,105,1.2289343461936872,1.0752442097838824,0.9988869876981888,0.7243932385836499,P292,0.3226296096206724,60bebdec81297725b80fd773
80.80745657225715,105,0.7695948244976871,0.8722285264745873,-0.941183641203794,-1.1903428280178487,P293,-0.5180289525228117,60c75628113cc78734583d3b
157.04455719272232,105,1.4956624494544983,1.2695555184211866,1.9160514717311126,2.3511139176651477,P294,0.37875221013704696,60c770aa2d2928bfda4c7cd4
95.18145847383084,105,0.9064900807031508,1.0145433432847861,-0.3350770529948593,0.17163961547626386,P295,-0.3472459923157854,60cba33aa66d767b09f8e9e9
101.22367548725053,105,0.9640350046404813,1.0223401777240582,-0.08775002969471435,0.24723919226138028,P296,-0.011649070287861826,60cdbe2390c033540fad1177
74.29417075477915,105,0.7075635309978966,0.8322174635519742,-1.3648338134765463,-1.665843942371402,P297,-0.17879783660853266,60ce5270f1695ea416c25fc3
110.19631743818366,105,1.049488737506511,1.042107441128318,0.26296358148564986,0.3812375392654351,P298,-0.9938847757317496,60d8d9348db2bb3a539b5c1d
294.59970064007155,105,2.805711434667348,1.535033132853714,5.555115683695614,4.434026183401579,P299,0.09954490566258692,60ddf017992f20e34420dd08
99.79369138034495,105,0.9504161083842376,1.0553972731838959,-0.13768772037598104,0.5474733976320864,P300,-0.3472459923157854,60de9c66c01a9de405e9efb0
101.08884460439307,105,0.9627509009942198,0.876669727061537,-0.0721354285161921,-1.145762373034269,P301,-0.5180289525228117,60dfa0f80964725cfdab1685
172.69077916659342,105,1.6446740873008896,1.3225903218901498,2.1157570417641196,2.5993141750217674,P302,-0.7513404875780048,60e269b58d238fbba93aed38
79.98819065196199,105,0.7617922919234474,0.8551928292928298,-1.08571835223618,-1.423773359988478,P303,0.04394813951349551,60e36e6ecb9f00e7b4dab92e
66.27742693370446,105,0.6312135898448044,0.8187327283162591,-1.3374886612792856,-1.5460878548917067,P304,-0.9938847757317496,60e9e8092cfc1f464753dd71
104.32171958669963,105,0.9935401865399964,0.9691371106883319,0.05343475777076756,-0.2530307577216133,P305,-0.46077444687164715,60eb1a7c95641da67ae7d611
76.70255081976734,105,0.7305004839977842,0.879884498788821,-1.2250336881925554,-1.146597271765191,P306,0.2666832837092727,60ee4077cdf4f24a1c607783
140.45138712616674,105,1.337632258344445,1.2657456414713903,1.4301586067929242,2.380777400304646,P307,-0.12298636548522798,60f8d9621d5d71645a1cd5a7
92.33952031815883,105,0.8794240030300842,0.9494366931688344,-0.4673991669189738,-0.451841166683543,P308,-0.2908899365066052,60fc855e03afaabca212e804
114.32288118954177,105,1.0887893446623027,0.9767985000059873,0.4224775492608733,-0.17176402942673857,P309,0.6633150208842701,60fcc830872e6203086fa1a6
104.49933238746206,105,0.9952317370234482,1.0311270432328912,0.05357290005542695,0.3299463689429444,P310,-0.06728209296823177,60fd1bb2279484894f91ecac
115.08878313002376,105,1.096083648857369,1.0846343541924572,0.48584692936900037,0.815964962812499,P311,0.21087736886329003,60fd92e2c9ed3462a0750a75
133.80084169078478,105,1.2742937303884265,1.2250015938129146,1.1575051025815397,2.011598290817664,P312,-0.3472459923157854,60fdabd93a136b7a66824a2f
101.68367256641191,105,0.9684159292039229,1.00352677897983,-0.06774806871304112,0.06854161326159143,P313,-0.011649070287861826,60fe076cdaf85311b32cb6a0
79.19071423344127,105,0.7541972784137264,0.8258684374904146,-1.1243005373588018,-1.7408018445419888,P314,-0.06728209296823177,60fe3a34f7f4d5e48ad56af2
175.3606340797347,105,1.6701012769498542,1.556269398440744,2.1837524970408304,4.2033367309117695,P315,-0.7513404875780048,60fec902a07033add5f00fd4
122.3183409651973,105,1.1649365806209266,1.1296266920246656,0.6874226862938188,1.1399520453439846,P316,-0.6922755238717614,60ff00cb7dbe57687c95e2cc
86.96831080784528,105,0.8282696267413837,0.9351680267104795,-0.43166417474545293,-0.46090778706512986,P317,-1.2493867477861913,60ff8095fe0067960a67ab9b
94.15903668820275,105,0.8967527303638357,1.0279601626916832,-0.38507412422491705,0.29541762511550357,P318,0.3226296096206724,610012946e17914b9e0f7a2c
79.73963110408302,105,0.759425058134124,0.8994973709994116,-0.8957553535921529,-0.8714610629998036,P319,-0.7513404875780048,6100749ef91bd741f86d01c3
233.19099322478434,105,2.220866602140803,1.5670929268752787,4.129781637703464,4.671889748768126,P320,-0.12298636548522798,61015f61752103ff1bc390e3
80.30278466705415,105,0.7647884254005157,0.9054931535423312,-0.9645765974219785,-0.8600329243152782,P321,-0.5180289525228117,6101caab1315f0a3159be863
164.70977510364165,105,1.5686645247965871,1.395825553974894,2.2171863814744808,3.4022857109067135,P322,-0.17879783660853266,6102f4d20f4f27890d76a41b
77.06449830416868,105,0.7339476028968446,0.8374834900084708,-0.7629407234950527,-1.2674191965317447,P323,-1.2493867477861913,61036b968e883dc6b02687e4
98.28942400738,105,0.9360897524512382,0.9787582967251367,-0.20138462261040374,-0.1659440261635212,P324,-0.3472459923157854,6103fb9aa758cc0eab84cce2
234.67238058895344,105,2.234975053228128,1.4837529842579076,3.9583417059401573,3.9383843100450573,P325,0.43508753452990995,6104d3fb963cc35cce54f983
74.07627345474037,105,0.705488318616575,0.8180292484755819,-1.0100978445745072,-1.5526819647669177,P326,-0.9938847757317496,6106fea80bd268497aa1590d
198.7440154201911,105,1.8928001468589628,0.9700177445586516,1.9180764295110786,-0.1760489793894175,P327,1.605442194779404,61071ee0d98a6df6efb59716
115.18898416108797,105,1.097037944391314,1.1537786258229676,0.47072151567003506,1.3936554193065107,P328,-0.46077444687164715,610761697f759faefc3ef8a4
104.52143753376681,105,0.9954422622263506,1.0936793850492788,0.05489821351200429,0.9046188111125254,P329,-0.12298636548522798,6107f6e190e22b482e71493e
95.7199861858638,105,0.9116189160558458,1.0271322991029253,-0.3117053964203567,0.28850991790193636,P330,-0.3472459923157854,61080d6ab2064d700a2665e9
114.10946839267274,105,1.0867568418349784,1.0726661168186156,0.3378203397113099,0.5365034550064472,P331,1.8240859711298616,61088a6f0372d8a146faa96b
140.2045985477954,105,1.3352818909313848,1.2331924649083266,1.3730147467908733,2.0592453490777283,P332,0.37875221013704696,610896842809a23ed3b9fbfa
72.47475561816636,105,0.6902357677920605,0.845329807397956,-1.4783171541258147,-1.5306444028752892,P333,-0.06728209296823177,6108e0f394ea82edc8b1884a
76.90896474607834,105,0.7324663309150318,0.7957967090088114,-1.1679825197301674,-2.0195624423583225,P334,-0.4038607123648438,610ab5a4cbc548edb197aaf1
176.78634050509808,105,1.6836794333818865,1.3077208461611645,2.4419174980372067,2.6367363293633983,P335,-0.46077444687164715,610d3f2e9d2333e4a86ca9bc
94.34616368599482,105,0.8985348922475698,1.007378350186799,-0.36277870207614366,0.10413215451730333,P336,0.43508753452990995,610d6c481ca4797b863fe3d1
113.85653269483761,105,1.084347930427025,0.9186120439951015,0.3607809205534125,-0.6068197833033309,P337,-1.184056708339598,610df498456dbaeef682c7ca
104.28358102618995,105,0.99317696215419,1.1149449277039134,0.11088513616774687,0.8247296941059714,P338,-1.5226927448446075,610ec959239ea841804ebc88
61.57976425305705,105,0.58647394526721,0.7541932619888277,-1.8729152316642004,-2.4085332772957115,P339,-0.575667210578438,6110e3fc556802a6dba3c7f1
97.89673508172555,105,0.9323498579211957,1.0738207076170978,-0.17028635377243878,0.6680875770760576,P340,-0.7513404875780048,6111202e9250c75296f411bf
96.55995739744608,105,0.9196186418804388,0.9758526462645156,-0.2204740758819938,-0.17463573369446042,P341,-0.7513404875780048,6111fc926d9948c0daa80250
170.2273559564755,105,1.6212129138711953,1.4044224962470382,2.3647263497331603,3.4280379656431097,P342,0.2666832837092727,61154156993aad8297b1e634
93.6704493962745,105,0.8920995180597572,0.9152411241503993,-0.3305618086629519,-0.7246435083586674,P343,-0.7513404875780048,6115b2963198eca231d6eb2b
191.67557858471673,105,1.825481700806826,1.1003986894746633,3.028442076997757,0.9604632753958406,P344,0.15517632527381772,6119d9f5a882080ef1c9e9e6
125.32500073100904,105,1.1935714355334195,1.1750538014470886,0.7276431022421906,1.4225246721650817,P345,-0.9321940237361662,6119e2fc2605933b16ea87c0
189.064349787,105,1.8006128551142857,1.2527090882661542,2.9572403061565766,2.273800921480834,P346,-0.12298636548522798,611aa89a8d790ef5a118c2a4
92.91678111409313,105,0.884921724896125,0.9518631163158997,-0.45625559738971966,-0.43337411470463094,P347,-0.12298636548522798,611bed11fa6a3b35c9226c29
102.45460885995405,105,0.97575817961861,0.966628511660569,0.03329411506851833,-0.23035943854927413,P348,1.2055345965675444,611bef869f91f800ad3b193e
118.28113139428918,105,1.1264869656598968,1.1736222294638519,0.6159725635647987,1.6101419766961615,P349,-0.06728209296823177,612053690485b0b2420a03fd
95.01422617431466,105,0.90489739213633,1.0258982578854863,-0.3002266718956348,0.2676106558795168,P350,-0.6337339094560659,612810b001fe6cd5e7786c39
113.9037821886845,105,1.084797925606519,1.1348111221906418,0.37683317141905015,1.0999850219312077,P351,-0.9938847757317496,612916d9e133bc81fc4487e1
78.3171703353263,105,0.7458778127173933,0.7915971164475016,-1.1717183238129387,-2.1190910703154393,P352,-0.011649070287861826,612a5744ab67e0bc1b93dd8b
234.19079084304803,105,2.230388484219505,1.3225690704473385,4.177633176469859,2.8389073587003164,P353,0.04394813951349551,612bfe71a97242127201bc3b
101.06577192059747,105,0.9625311611485473,1.0587217682025403,-0.07305474764158791,0.5651078738399931,P354,-0.5180289525228117,612d435206d267d587b12789
92.5226864746772,105,0.8811684426159734,0.8514528344617294,-0.28791348702541597,-1.1965043937997955,P355,-1.1197468350754447,612e44861dc0709ab9f444ba
153.70376099175422,105,1.4638453427786116,1.175335819234632,1.7881419402688727,1.5720125038798232,P356,0.43508753452990995,61367d957261b2657eda1cca
108.26425880230603,105,1.0310881790695812,0.9533766850023212,0.20357718146116346,-0.3168656161412567,P357,-1.2493867477861913,6138f7e0ad42e592ca5f2024
65.6418261474314,105,0.6251602490231563,0.7884223816519248,-1.4973154754011826,-1.9296894501549853,P358,-0.8109793931497783,613a7d38b07876db149b6031
588.5605252008256,105,5.605338335245959,1.978906919743943,8.9902332263619,6.822249558737946,P359,0.7212925412477796,6148dc3549155e9222aee13b
87.26075508248498,105,0.8310548103093808,0.8560243959346792,-0.7244581587226839,-1.416527527556266,P360,-0.06728209296823177,614b76b790f0bdbc64a06cee
112.28433402292637,105,1.069374609742156,1.196508406155978,0.30854101377156207,1.3978421346947567,P361,-1.3834485764764923,614df1b29f4cc7841f8f4528
95.74659795878408,105,0.9118723615122293,1.0279650246252638,-0.2874981093235767,0.28890534914741317,P362,0.5485462582674187,614f452f50838db696832ad4
309.167477864779,105,2.9444521701407527,1.2959722553205757,4.943256635456857,2.410557683289156,P363,0.7797227650772353,614f58eb680c4b7c505e8030
78.79921856752834,105,0.7504687482621747,0.8967641646468808,-0.9844559790653898,-0.9193720880692151,P364,0.6633150208842701,614f754098c9877761eafb4b
139.27332193889904,105,1.3264125898942767,1.0807574809475242,1.325001107311914,0.7640826344214997,P365,0.43508753452990995,614f89a9441723072040d4de
88.6126609720644,105,0.8439301044958515,0.8056685728736179,-0.47384287494238997,-1.7270831950694596,P366,0.9581939300232623,61509c6546f86af95d139692
130.8566741347815,105,1.2462540393788715,1.2518938842298037,1.0826424101195218,2.261990416731073,P367,-0.17879783660853266,6150f63728c7b27243666e51
102.16373804580995,105,0.9729879813886662,1.027272796013417,0.0372638362231259,0.24640396416753005,P368,-1.3158205089444022,6151e70a336a52b8af712d41
76.58095449134281,105,0.7293424237270744,0.8755822038517382,-0.9727254195633495,-1.0627768494815464,P369,-0.8712452775536013,6151f8d17451289b4a59a6a8
115.29870135468646,105,1.098082870044633,0.9796986913352225,0.4747977932294228,-0.15345027816858414,P370,-0.46077444687164715,61523f5edff0567aa388e752
130.585887420143,105,1.2436751182870762,1.1419236022725818,1.084037215937319,1.3347371333232863,P371,-0.011649070287861826,61539b3fa541b182c0fadde1
86.87633161747493,105,0.8273936344521422,0.95382588696258,-0.4129754438909085,-0.3054399131280919,P372,-1.3158205089444022,6153a2c0785f16d34ffa99e9
84.98965508676343,105,0.8094252865406042,0.8838382611993758,-0.6755579335302855,-1.019198618279327,P373,-0.7513404875780048,6153b5513ccada2d35fae508
110.43736641870571,105,1.0517844420829114,1.0758410662496003,0.2953421191038561,0.7254801816138131,P374,0.37875221013704696,615773ee084567fea9ab588f
66.44662121997307,105,0.6328249639997435,0.7578690257319808,-1.8139799562791064,-2.493946728934252,P375,0.09954490566258692,6157a19a19a618c6119bf7d7
120.87034389826935,105,1.15114613236447,1.0340909112570604,0.70639668158312,0.35573286570638907,P376,-0.2347532324095654,615880a66bc32302998866d9
56.55170861656105,105,0.5385877011101052,0.7048997456033042,-1.9515737185733437,-2.8042243876802657,P377,-0.8109793931497783,61592ea07347e286bca1955f
110.02382443153277,105,1.0478459469669787,1.0353452175165228,0.28089002670820706,0.36599379203114685,P378,-0.2908899365066052,615a8087932398fbbb4b7c40
91.3382957236274,105,0.8698885307012133,0.9770877561086917,-0.5317634661758399,-0.18639889028650358,P379,-0.06728209296823177,6164f32a3728684416599526
89.18169961117937,105,0.8493495201064701,0.7965137159257771,-0.4720458269518975,-1.8185856089292982,P380,-0.8712452775536013,6165c7fd7b87a57441128f81
365.6216149187662,105,3.482110618273964,1.4593025715178876,6.484070024716693,3.7348354505017247,P381,0.49167285040205433,61676f87dba8a19bc29edf39
66.59761450187729,105,0.6342629952559742,0.7740622975680013,-1.0557793180561978,-1.7499069830169605,P382,-1.3834485764764923,61686f8376bd6ff59ea15479
82.85309735052235,105,0.7890771176240223,0.8308751981743727,-0.9389422708927664,-1.6808285173155357,P383,0.09954490566258692,616ef680ab8ca318a227f5ec
88.42244863972509,105,0.8421185584735723,0.9260932632170492,-0.4242725059636035,-0.5778388306074058,P384,1.1425193056612775,61705dad05413013eb3d7d00
99.79646221701316,105,0.9504424973048872,0.9557820492429457,-0.11251585539642342,-0.3657401646038664,P385,-0.6337339094560659,61bb388340db417c1a138c85
82.66778953491139,105,0.7873122812848704,0.913724550510947,-0.833397663853278,-0.7652016540598218,P386,0.6057468585405708,61fa94df5719bc09cb835064
95.84300414747426,105,0.9127905156902311,0.9270732637353115,-0.21511670934305172,-0.5838387873896783,P387,-0.9321940237361662,620bde60a922fc3f247f6e6d
82.54250053516316,105,0.7861190527158396,0.8301126594691405,-0.9571987229217718,-1.6947148280559952,P388,-0.011649070287861826,6229dbeebf010053193d5f4f
111.10075515233507,105,1.0581024300222388,1.0015533152518137,0.31945854949594066,0.05017831950864406,P389,-0.4038607123648438,6229fff149374541c22a95bf
72.11216151563067,105,0.686782490625054,0.8298440924978268,-1.4914007331626058,-1.695571725157132,P390,-0.12298636548522798,622a193e32f45a5c28d4875f
61.785970803327494,105,0.5884378171745476,0.7614667338340257,-1.8617115283659451,-2.3290645364167424,P391,-0.575667210578438,623474fa7e61d138f6e6fa44
98.22561291964846,105,0.9354820278061757,0.9794743358511889,-0.21517717659418562,-0.1623912501196946,P392,-0.17879783660853266,6266a849331cc893a5b22cf6
119.22170424452555,105,1.1354448023288148,0.9529670670993609,0.6535855950156935,-0.422503032939958,P393,0.04394813951349551,6266a95d927943d0147dc188
106.25021466380473,105,1.0119068063219498,1.0889854837777675,0.13152684743747406,0.8132465471115145,P394,-0.6337339094560659,62711f73b2dbf1f1867a703c
148.13370062036395,105,1.410797148765371,1.2857963399574976,1.6811491797261895,2.5212356424091453,P395,0.21087736886329003,627142805c1992313f79ec55
76.53428428522301,105,0.7288979455735525,0.820629435772353,-1.1654535844626794,-1.73691372418133,P396,-0.46077444687164715,628817a3c518b074f426f27d
93.38669864570234,105,0.8893971299590699,1.0212261728998373,-0.2733677670907813,0.21458296889338277,P397,1.0803330354694616,628b8ec43062a83d53b88d7b
88.22136159866596,105,0.8402034437968187,1.017083857638562,-0.6218210969136686,0.193393117362041,P398,-0.46077444687164715,628b8ef9ef5432197c27bbc9
101.74867898107203,105,0.9690350379149717,1.0805533396402636,0.03270365840095579,0.6196142300770267,P399,-1.3834485764764923,628b9a4c2eeaab55d3d8cc2d
66.97960889694521,105,0.6379010371137639,0.769176802869112,-1.784629942957545,-2.372463328777824,P400,-0.06728209296823177,628ba5fcda337930f732df76
102.77809656639498,105,0.9788390149180474,1.0532946441815738,-0.020074971887636087,0.5365398000091721,P401,-0.06728209296823177,628bb31571a8935ee2dbd6f9
113.11229231144489,105,1.0772599267756655,1.068483423556829,0.4001717901318675,0.6658041012702098,P402,-0.3472459923157854,628bd28fc02600d0f26d8273
67.48141561873337,105,0.6426801487498416,0.803922015403333,-1.4105754056093591,-1.7742858327389404,P403,-0.8109793931497783,628f93dc168e3004adcbebb8
100.29216497496326,105,0.955163475952031,1.060030693029074,-0.03934757565953699,0.5078262722784613,P404,-1.1197468350754447,628fb4c3880a08418cedd2d2
184.26250090629722,105,1.7548809610123546,1.484105642665073,2.4516876643140706,3.77302731168588,P405,0.7212925412477796,6290d34243e9347c40bac608
69.98661721471386,105,0.6665392115687034,0.905883611349577,-0.7332988285394896,-0.5874891168823416,P406,-1.743319909620251,62910fd0692e6eaf7be9e075
92.18683638651954,105,0.8779698703478052,0.9801177313220332,-0.35970593267550566,-0.13041699602629384,P407,-0.8712452775536013,6293f40cb830603d3dbe5d9a
96.53780977637541,105,0.9194077121559563,0.9783741345211139,-0.29240306058968607,-0.17360914762592536,P408,-0.12298636548522798,62952201fa2b4996b7a66f3d
61.89609425670906,105,0.5894866119686577,0.75348153918099,-2.087587893635324,-2.552837734344535,P409,-0.011649070287861826,62963b6ead5392873d7d9fe8
76.06201431738822,105,0.7244001363560783,0.7615680629454211,-0.8639149204589909,-2.084188278448944,P410,1.1425193056612775,6296d0ae1efe1220cc0e91f4
115.15638488418111,105,1.0967274750874392,1.0433559882585528,0.49245433438519864,0.4442774479055935,P411,-0.06728209296823177,6297e90bbcdddf9c43ade899
101.47341004848273,105,0.9664134290331688,0.96139545495449,-0.075302308420026845,-0.33731987527436785,P412,0.15517632527381772,6298c34f054568ae6b380874
72.32168211138031,105,0.6887779248702887,0.7984887533074756,-0.9695165022140714,-1.6400494505994003,P413,-1.184056708339598,6298f812c9026fec4b2f028f
99.40831312319258,105,0.9467458392685008,1.042339079902643,-0.15771359315447414,0.4305520956823325,P414,-0.2908899365066052,629d16db307da2e64ea7b1e7
627.1532999078236,105,5.9728885705507,2.1415623339904317,9.830180264587623,7.860566895741749,P415,0.6057468585405708,629e2941fc423a5cd2d2daba
90.20831629113296,105,0.8591268218203139,0.924801022846323,-0.5091748179693131,-0.6641026470384785,P416,-0.575667210578438,629e3531a1dde5d808a5732b
66.22798053649798,105,0.6307426717761713,0.8090621306847086,-1.6607624412923476,-1.8414579287118389,P417,-0.5180289525228117,629e4edaf0a02416eb3d5a7a
87.39766398116195,105,0.8323587045824948,0.9295723404320438,-0.5399360786895244,-0.5724946947618662,P418,-0.8712452775536013,62a75b7789c411b352595f2e
103.80875146138797,105,0.9886547758227425,1.0700910861084703,0.05677271874592116,0.6115250702943744,P419,-0.9321940237361662,62a7c9c833260972a914d299
169.78568765170417,105,1.6170065490638492,1.3662372968880898,1.9489304014924962,2.8280289015795015,P420,-0.8712452775536013,62b4805510134a754ba41a0e
143.3117418947389,105,1.3648737323308466,1.2765693893119472,1.5206009210652045,2.4634742855567087,P421,-0.17879783660853266,62b500cfbf7d382239502ad0
65.54815568130441,105,0.6242681493457563,0.7851827173679006,-0.8186712159164584,-1.4381427813276209,P422,-1.8205633096618457,62b66f9e7e9410854b1a987c
124.6973307554413,105,1.1875936262422981,1.050135198918014,0.864309038269707,0.5072792834814549,P423,-0.011649070287861826,62baff515864573d3715f986
84.78064950701958,105,0.8074347572097103,0.9014995420522277,-0.5731839760086829,-0.7798372420326314,P424,-1.05638007138588,62bdd8ea1de5b02c9ccb99fc
112.18151488874116,105,1.068395379892773,1.079901994857763,0.3727666427602574,0.7807174960958114,P425,-0.06728209296823177,62bde99e1fcb3246175b780e
130.97616893932516,105,1.2473920851364302,1.0250666661839,0.7948753423568622,0.23306022010532593,P426,-1.2493867477861913,62bfa2d583b6d69e517446ed
87.02041877828556,105,0.8287658931265292,0.9197024427331398,-0.6110858364262376,-0.6938774567524909,P427,-0.6922755238717614,62c428f2e70cff2853460157
152.14557882784126,105,1.4490055126461072,1.1529859136709582,1.691944951519742,1.374503526126624,P428,-0.5180289525228117,62c4e8108aa1e597323a3170
143.707995410482,105,1.3686475753379237,1.1193456599368143,1.5426182408490663,1.1341960889030795,P429,-0.12298636548522798,62c5bdbb985d98a75b294866
80.163355955423,105,0.7634605329087905,0.9247963026061533,-0.511219829398048,-0.48118708203857163,P430,-1.5945360289714237,62c5f52e15cf0ee5c7a43feb
72.09199121625896,105,0.6865903925357997,0.8421264596417388,-1.4691282509362182,-1.5536220552710636,P431,-0.2347532324095654,62c9c0f4d7ea4a24b86d445d
84.38570361560447,105,0.8036733677676616,0.9384226492990223,-0.5396685548698683,-0.44523540824398944,P432,-1.184056708339598,62cb164128bc19ebb5996a51
121.99874075655754,105,1.1618927691100718,1.2131979705965528,0.7601244627774385,1.94713207427187,P433,-0.06728209296823177,62d0101ee44b8fefcf9986f6
